account_id,name,industry,account_type,annual_revenue,employees,city,country,phone,email,website,rating,assigned_to,date_entered,last_activity_date,status
1,TechVision Solutions,Retail,Customer,11315894.76,844,Miami,South Africa,+1-555-189-7912,info@techvisionsolutions.com,www.techvisionsolutions.com,Cold,John Smith,2023-01-31,2023-01-13,Inactive
2,GlobalMed Corp,Insurance,Partner,30180532.71,4602,Houston,South Africa,+1-555-529-4611,info@globalmedcorp.com,www.globalmedcorp.com,Cold,Jennifer Taylor,2024-08-26,2023-04-22,Inactive
3,FinanceEdge Ltd,Finance,Partner,21246197.03,2281,Chicago,Canada,+1-555-881-6514,info@financeedgeltd.com,www.financeedgeltd.com,Cold,Sarah Johnson,2023-04-05,2023-01-04,Inactive
4,RetailPro Inc,Manufacturing,Prospect,30265556.36,360,San Francisco,Singapore,+1-555-649-3045,info@retailproinc.com,www.retailproinc.com,Cold,David Martinez,2023-03-22,2023-02-19,Inactive
5,ManufacturePlus Co,Consulting,Prospect,28952136.83,574,New York,Canada,+1-555-891-5741,info@manufactureplusco.com,www.manufactureplusco.com,Cold,Sarah Johnson,2023-08-27,2023-05-31,Inactive
6,InsureSmart LLC,Retail,Prospect,31857085.32,2993,Chicago,Germany,+1-555-463-4432,info@insuresmartllc.com,www.insuresmartllc.com,Cold,Robert Wilson,2024-12-19,2023-07-14,Inactive
7,EduLearn Systems,Logistics,Partner,12391584.07,3791,Atlanta,Australia,+1-555-755-4598,info@edulearnsystems.com,www.edulearnsystems.com,Cold,Lisa Anderson,2023-02-27,2023-03-29,Inactive
8,PropTech Realty,Manufacturing,Prospect,13533495.62,1733,Denver,Germany,+1-555-317-9179,info@proptechrealty.com,www.proptechrealty.com,Cold,David Martinez,2024-10-20,2023-01-17,Inactive
9,LogiFlow Networks,Retail,Customer,12482049.88,4603,Boston,Australia,+1-555-864-8019,info@logiflownetworks.com,www.logiflownetworks.com,Cold,David Martinez,2024-01-06,2023-03-15,Inactive
10,ConsultPro Group,Logistics,Prospect,4727288.73,390,Los Angeles,India,+1-555-742-3621,info@consultprogroup.com,www.consultprogroup.com,Cold,David Martinez,2024-09-02,2023-03-12,Inactive
11,DataDrive Analytics,Education,Partner,49806844.74,4339,Phoenix,South Africa,+1-555-981-1188,info@datadriveanalytics.com,www.datadriveanalytics.com,Cold,Sarah Johnson,2024-11-29,2023-07-17,Inactive
12,CloudFirst LLC,Manufacturing,Customer,14816306.41,1300,Seattle,USA,+1-555-839-5315,info@cloudfirstllc.com,www.cloudfirstllc.com,Cold,Mike Davis,2024-06-03,2023-05-17,Inactive
13,HealthBridge Corp,Logistics,Partner,10105772.87,3068,Chicago,South Africa,+1-555-897-9689,info@healthbridgecorp.com,www.healthbridgecorp.com,Cold,John Smith,2024-09-05,2023-06-02,Inactive
14,SecureFinance Inc,Technology,Customer,46469111.09,2524,Houston,USA,+1-555-346-2290,info@securefinanceinc.com,www.securefinanceinc.com,Cold,Sarah Johnson,2024-05-12,2023-09-08,Inactive
15,ShopNow Retail,Finance,Customer,33055590.97,4508,Chicago,Australia,+1-555-640-7932,info@shopnowretail.com,www.shopnowretail.com,Cold,Emily Chen,2024-07-06,2023-09-30,Inactive
16,BuildRight Construction,Education,Partner,32563927.27,3593,Boston,Singapore,+1-555-223-5061,info@buildrightconstruction.com,www.buildrightconstruction.com,Hot,Emily Chen,2023-03-07,2026-06-01,Active
17,SafeGuard Insurance,Consulting,Customer,558103.78,487,Houston,UK,+1-555-132-6413,info@safeguardinsurance.com,www.safeguardinsurance.com,Warm,Sarah Johnson,2024-06-10,2024-06-22,Active
18,LearnFast Academy,Insurance,Partner,6789130.07,4682,Denver,Singapore,+1-555-348-8749,info@learnfastacademy.com,www.learnfastacademy.com,Hot,David Martinez,2023-07-14,2025-03-13,At Risk
19,HomeBase Properties,Manufacturing,Prospect,20672893.35,448,Miami,UK,+1-555-162-7596,info@homebaseproperties.com,www.homebaseproperties.com,Hot,Lisa Anderson,2023-04-22,2024-09-08,At Risk
20,SwiftLogistics,Logistics,Prospect,7181078.4,1508,Phoenix,Singapore,+1-555-355-2235,info@swiftlogistics.com,www.swiftlogistics.com,Hot,Jennifer Taylor,2024-07-17,2024-12-14,Active
21,InnovateTech Ltd,Healthcare,Customer,8482293.31,3983,Seattle,Canada,+1-555-985-7570,info@innovatetechltd.com,www.innovatetechltd.com,Hot,John Smith,2023-06-18,2024-07-22,Active
22,MediCare Solutions,Retail,Prospect,14405411.6,4557,Miami,Singapore,+1-555-258-4111,info@medicaresolutions.com,www.medicaresolutions.com,Warm,Robert Wilson,2023-08-11,2024-06-03,At Risk
23,WealthManage Pro,Manufacturing,Customer,2697088.4,3910,Boston,South Africa,+1-555-261-1931,info@wealthmanagepro.com,www.wealthmanagepro.com,Hot,Sarah Johnson,2023-07-10,2026-01-15,Active
24,FashionForward Inc,Insurance,Prospect,6170353.37,4671,Houston,Nigeria,+1-555-708-1651,info@fashionforwardinc.com,www.fashionforwardinc.com,Hot,Sarah Johnson,2024-03-05,2026-01-31,Active
25,AutoMation Systems,Retail,Customer,33552353.54,2578,Houston,Australia,+1-555-505-3144,info@automationsystems.com,www.automationsystems.com,Cold,Robert Wilson,2024-04-13,2025-12-31,Active
26,CoverAll Insurance,Technology,Prospect,31133730.92,4617,Los Angeles,UK,+1-555-650-4492,info@coverallinsurance.com,www.coverallinsurance.com,Warm,Robert Wilson,2023-05-16,2026-07-10,Active
27,SmartClass Education,Manufacturing,Prospect,8055792.25,4455,San Francisco,Australia,+1-555-726-9666,info@smartclasseducation.com,www.smartclasseducation.com,Warm,John Smith,2024-11-14,2024-08-10,Active
28,UrbanRealty Group,Finance,Prospect,5948347.79,881,San Francisco,South Africa,+1-555-259-5462,info@urbanrealtygroup.com,www.urbanrealtygroup.com,Cold,Robert Wilson,2024-09-11,2025-04-03,Active
29,RapidShip Express,Insurance,Partner,31785050.35,2167,Boston,Singapore,+1-555-357-1832,info@rapidshipexpress.com,www.rapidshipexpress.com,Hot,Sarah Johnson,2024-10-11,2026-06-05,Active
30,StrategyFirst Consulting,Technology,Customer,16811115.62,1076,Miami,Australia,+1-555-265-8239,info@strategyfirstconsulting.com,www.strategyfirstconsulting.com,Warm,David Martinez,2024-07-28,2026-09-28,Active
31,NextGen Software,Finance,Partner,1994201.28,3029,Denver,South Africa,+1-555-251-8041,info@nextgensoftware.com,www.nextgensoftware.com,Hot,Mike Davis,2023-02-12,2024-09-23,Active
32,BioHealth Ltd,Manufacturing,Customer,34166921.08,847,Dallas,South Africa,+1-555-995-7658,info@biohealthltd.com,www.biohealthltd.com,Warm,Mike Davis,2023-08-31,2025-06-09,Active
33,InvestRight Capital,Education,Customer,9132161.04,2726,Atlanta,Canada,+1-555-373-3608,info@investrightcapital.com,www.investrightcapital.com,Hot,Sarah Johnson,2024-01-27,2026-08-29,Active
34,TrendyShop Inc,Insurance,Prospect,17612989.54,1869,Houston,USA,+1-555-775-4164,info@trendyshopinc.com,www.trendyshopinc.com,Hot,David Martinez,2023-12-03,2025-09-25,Active
35,PrecisionMfg Co,Manufacturing,Partner,25568402.64,4397,Dallas,USA,+1-555-218-5279,info@precisionmfgco.com,www.precisionmfgco.com,Warm,Mike Davis,2024-08-17,2024-08-11,Active
36,TrustShield Insurance,Consulting,Prospect,17415218.16,2574,Atlanta,Nigeria,+1-555-623-2894,info@trustshieldinsurance.com,www.trustshieldinsurance.com,Warm,David Martinez,2024-08-13,2024-07-10,Active
37,DigitalLearn Corp,Education,Customer,26092033.36,4415,Miami,Canada,+1-555-472-8066,info@digitallearncorp.com,www.digitallearncorp.com,Hot,Sarah Johnson,2024-11-11,2025-02-16,Active
38,PrimeProperties LLC,Healthcare,Partner,45022332.39,4159,Phoenix,UAE,+1-555-434-7592,info@primepropertiesllc.com,www.primepropertiesllc.com,Warm,Robert Wilson,2024-07-21,2026-03-01,Active
39,FastTrack Logistics,Education,Partner,37457101.1,1430,Denver,Nigeria,+1-555-408-7653,info@fasttracklogistics.com,www.fasttracklogistics.com,Hot,John Smith,2023-11-08,2024-12-14,At Risk
40,AdvisoryPro Group,Consulting,Partner,32804340.06,3814,Seattle,Singapore,+1-555-791-4501,info@advisoryprogroup.com,www.advisoryprogroup.com,Warm,Jennifer Taylor,2023-06-23,2025-01-02,At Risk
41,Quantum Systems Inc,Healthcare,Customer,33705224.39,1845,Houston,India,+1-555-125-1757,info@quantumsystemsinc.com,www.quantumsystemsinc.com,Hot,Emily Chen,2024-05-01,2025-03-18,Active
42,CareFirst Medical,Real Estate,Prospect,44329618.07,4720,Houston,UAE,+1-555-606-7547,info@carefirstmedical.com,www.carefirstmedical.com,Cold,Emily Chen,2023-06-01,2026-07-27,Active
43,AssetGrow Financial,Education,Customer,8959156.75,4248,Seattle,USA,+1-555-670-5082,info@assetgrowfinancial.com,www.assetgrowfinancial.com,Hot,Sarah Johnson,2024-04-12,2026-07-09,Active
44,StyleHub Retail,Logistics,Partner,29853525.46,3630,Denver,South Africa,+1-555-536-9976,info@stylehubretail.com,www.stylehubretail.com,Hot,Jennifer Taylor,2023-06-12,2026-08-30,At Risk
45,SmartFactory Ltd,Insurance,Partner,14010105.39,4275,Seattle,Canada,+1-555-381-8206,info@smartfactoryltd.com,www.smartfactoryltd.com,Warm,Sarah Johnson,2024-12-31,2025-09-04,Active
46,AllCover Insurance,Manufacturing,Prospect,44672736.27,665,Chicago,India,+1-555-336-7275,info@allcoverinsurance.com,www.allcoverinsurance.com,Warm,Mike Davis,2024-12-24,2025-01-27,Active
47,EduPath Online,Education,Prospect,27222034.8,3411,New York,Canada,+1-555-952-7883,info@edupathonline.com,www.edupathonline.com,Hot,David Martinez,2024-08-21,2024-08-05,At Risk
48,MetroRealty Partners,Real Estate,Customer,47148534.54,2451,Atlanta,UAE,+1-555-651-9947,info@metrorealtypartners.com,www.metrorealtypartners.com,Hot,Emily Chen,2024-05-14,2026-07-24,At Risk
49,GlobalShip Co,Real Estate,Customer,19565088.72,3317,San Francisco,India,+1-555-960-8657,info@globalshipco.com,www.globalshipco.com,Hot,Mike Davis,2024-09-29,2025-03-07,At Risk
50,InsightConsulting,Consulting,Partner,33217387.89,692,Miami,UAE,+1-555-238-8564,info@insightconsulting.com,www.insightconsulting.com,Cold,Mike Davis,2023-02-21,2024-06-28,At Risk
