"First Name","Last Name","ID","Salutation","Job Title","Department","Account Name","Email Address","Non Primary E-mails","Mobile","Office Phone","Home","Other Phone","Fax","Primary Address Street","Primary Address City","Primary Address State","Primary Address Postal Code","Primary Address Country","Alternate Address Street","Alternate Address City","Alternate Address State","Alternate Address Postal Code","Alternate Address Country","Description","Birthdate","Lead Source","Campaign ID","Do Not Call","Reports to ID","Assistant","Assistant Phone","Assigned to","Assigned User","Date Created","Date Modified","Modified By","Created By","Deleted","Photo","Lawful Basis","Lawful Basis Date Reviewed","Lawful Basis Source","Joomla Account ID","Account Disabled","Portal User Type","Longitude","Latitude","Geocode Status","Address"
"Antonio","Eggers","03e9d145-92cb-4c52-a89c-2cfa207d3fba","","Mgr Operations","","Sandeon Consolidation Corp","beans49@example.info","","(112) 407-2093","(508) 011-4921","(753) 433-3455","","","74 South Cemetery Ave","Dover","NY","63046","USA","","","","","","","","","","0","","","","will","seed_will_id","2025-04-29 19:45","2026-10-05 18:00","1","1","0","","","","","","","Single user","","","",""
"Bart","Howle","05daa0f3-87a4-45cd-a7aa-b50004e29b40","","IT Developer","","Airline Maintenance Co","sales.kid@example.co.uk","","(926) 983-4937","(865) 159-5353","(557) 604-8190","","","74 South Cemetery Ave","Austin","NY","54229","USA","","","","","","","","Word of mouth","","0","","","","will","seed_will_id","2022-09-21 19:00","2026-10-05 18:00","1","1","0","","","","","","","Single user","","","",""
"Lilly","Roemer","0791ebd9-a26d-46be-9010-8ef14034ce36","","Mgr Operations","","Grow-Fast Inc","beans.section.the@example.tw","","(660) 170-0186","(810) 677-4688","(779) 724-8253","","","999 Baker Way","Sunnyvale","CA","87527","USA","","","","","","","","Partner","","0","","","","max","seed_max_id","2022-03-18 07:15","2026-10-05 18:00","1","1","0","","","","","","","Single user","","","",""
"Emil","Stockman","097b0292-3a91-4fde-afaf-e1a5a73455e5","","President","","Anytime Air Support Inc","kid.info.qa@example.tw","","(230) 965-8021","(074) 299-8945","(918) 663-1821","","","555 Maple Street.","Sunnyvale","CA","56972","USA","","","","","","","","Word of mouth","","0","","","","sally","seed_sally_id","2022-09-11 10:45","2026-10-05 18:00","1","1","0","","","","","","","Single user","","","",""
"Annmarie","Slape","0da338cc-b45e-41ab-bac2-9456ec702fc0","","Director Sales","","Airline Maintenance Co","phone.beans.qa@example.com","","(842) 785-3336","(122) 900-2470","(345) 191-6298","","","74 South Cemetery Ave","Austin","NY","54229","USA","","","","","","","","Self Generated","","0","","","","will","seed_will_id","2022-09-21 19:00","2026-10-05 18:00","1","1","0","","","","","","","Single user","","","",""
"","Sandy","0e794ac2-7c8e-4619-afb3-b75db42c7173","","","","","","","","","","","","","","","","","","","","","","","","","","0","","","","will","seed_will_id","2026-10-05 18:08","2026-10-05 18:08","seed_will_id","seed_will_id","0","","","","","","","Single user","0.00000000","0.00000000","",""
"Luis","Chewning","0f2b0c6d-73f6-4c39-aa06-de49c4669557","","IT Developer","","JJ Resources Inc","qa12@example.tw","","(889) 640-9462","(361) 006-9503","(738) 991-4733","","","74 South Cemetery Ave","Alabama","CA","50560","USA","","","","","","","","Existing Customer","","0","","","","max","seed_max_id","2023-06-21 11:45","2026-10-05 18:00","1","1","0","","","","","","","Single user","","","",""
"Maribel","Orange","10d16651-cb21-464e-b756-31c5902871aa","","VP Operations","","B.H. Edwards Inc","sales.section.the@example.tv","","(502) 685-9554","(504) 792-4512","(157) 032-3229","","","48920 San Carlos Ave","Kansas City","CA","64573","USA","","","","","","","","Trade Show","","0","","","","sally","seed_sally_id","2025-07-28 13:45","2026-10-05 18:00","1","1","0","","","","","","","Single user","","","",""
"Vickie","Bachmann","13c2b63f-0887-4026-b704-bdeb5ba1607f","","Director Sales","","Insight Marketing Inc","qa.hr.hr@example.biz","","(654) 327-0791","(831) 060-7121","(146) 871-1391","","","32 University Ave.","Kansas City","CA","58172","USA","","","","","","","","Existing Customer","","0","","","","sally","seed_sally_id","2022-05-21 19:00","2026-10-05 18:00","1","1","0","","","","","","","Single user","","","",""
"Elma","Keese","155f2266-38ee-46c3-8ac8-51c39a821876","","VP Operations","","5D Investments","sugar.the.beans@example.co.jp","","(883) 031-4623","(165) 199-8723","(822) 397-0696","","","1715 Scott Dr","Los Angeles","NY","16206","USA","","","","","","","","Other","","0","","","","chris","seed_chris_id","2024-01-25 12:00","2026-10-05 18:00","1","1","0","","","","","","","Single user","","","",""
"Robbie","Balderrama","1565b528-2886-4765-940d-dd83c84a564c","","VP Sales","","Complete Holding","info87@example.us","","(495) 298-8851","(295) 969-3189","(629) 731-1899","","","111 Silicon Valley Road","Frankfort","CA","31288","USA","","","","","","","","Word of mouth","","0","","","","sally","seed_sally_id","2025-01-22 18:00","2026-10-05 18:00","1","1","0","","","","","","","Single user","","","",""
"Emile","Goodner","1943d7d1-be95-46ff-8783-4eaba15ccec4","","VP Sales","","Green Tractor Group Limited","support64@example.us","","(724) 327-0661","(833) 063-3112","(133) 410-3401","","","4275 Elm Dr","Atlanta","NY","56146","USA","","","","","","","","Word of mouth","","0","","","","chris","seed_chris_id","2026-01-27 12:00","2026-10-05 18:00","1","1","0","","","","","","","Single user","","","",""
"Chong","Farrer","197f4208-c938-4e95-be4c-9c109b57a3ba","","IT Developer","","Gifted Holdings AG","the.phone@example.tv","","(598) 259-4132","(249) 846-2532","(183) 064-3639","","","999 Baker Way","Kansas City","CA","11024","USA","","","","","","","","Campaign","","0","","","","sarah","seed_sarah_id","2024-09-15 11:15","2026-10-05 18:00","1","1","0","","","","","","","Single user","","","",""
"Jc","Hartfield","1c9ddc68-6105-465c-8130-f0d546ca22e4","","Director Operations","","International Art Inc","phone.hr.sugar@example.us","","(604) 799-7089","(657) 354-7090","(953) 084-6828","","","777 West Filmore Ln","Santa Fe","NY","28798","USA","","","","","","","","","","0","","","","chris","seed_chris_id","2023-12-12 11:15","2026-10-05 18:00","1","1","0","","","","","","","Single user","","","",""
"Courtney","Mccroskey","1d9034ee-2743-4030-8291-e7879f7de891","","VP Sales","","J.K.M. Corp (HA)","hr93@example.name","","(430) 844-4366","(211) 092-6041","(105) 173-7240","","","78 Suite Street.","Frankfort","CA","75169","USA","","","","","","","","Campaign","","0","","","","sarah","seed_sarah_id","2021-12-11 11:00","2026-10-05 18:00","1","1","0","","","","","","","Single user","","","",""
"Greg","Fluellen","1dfd4bfe-763a-400a-ba32-c1833b7be4cc","","Director Operations","","Green Tractor Group Limited","sales.vegan.section@example.it","","(848) 437-1665","(445) 520-6048","(260) 068-5654","","","4275 Elm Dr","Atlanta","NY","56146","USA","","","","","","","","Conference","","0","","","","chris","seed_chris_id","2026-01-27 12:00","2026-10-05 18:00","1","1","0","","","","","","","Single user","","","",""
"Bonita","Hurtt","21668d93-3908-437e-b989-953a8ce1c6e5","","VP Sales","","Kaos Trading Ltd","the91@example.biz","","(929) 732-4708","(603) 321-2829","(701) 667-6048","","","789 River Way","Santa Fe","CA","61672","USA","","","","","","","","Email","","0","","","","max","seed_max_id","2023-08-05 13:00","2026-10-05 18:00","1","1","0","","","","","","","Single user","","","",""
"Arnulfo","Fanning","221da510-8360-45c6-aa46-358e81d72fc6","","Director Sales","","Powell Funding","sugar18@example.it","","(963) 181-1832","(384) 163-6371","(718) 581-2636","","","78 Suite Street.","Austin","CA","98119","USA","","","","","","","","Web Site","","0","","","","max","seed_max_id","2022-01-02 06:45","2026-10-05 18:00","1","1","0","","","","","","","Single user","","","",""
"Alberto","Danaher","2335eebe-32e8-4534-8d72-e574be435126","","IT Developer","","Kringle Bell IncK.A. Tower & Co","info67@example.com","","(076) 649-7089","(850) 816-8899","(367) 770-6380","","","555 Maple Street.","Sacramento","CA","26573","USA","","","","","","","","Conference","","0","","","","max","seed_max_id","2025-11-07 19:00","2026-10-05 18:00","1","1","0","","","","","","","Single user","","","",""
"Hannah","Bowlby","242be2bf-ecfb-4916-874d-6aad5a33e425","","Director Sales","","Grow-Fast Inc","sugar.beans.phone@example.de","","(470) 647-1949","(265) 137-3275","(063) 807-1037","","","999 Baker Way","Sunnyvale","CA","87527","USA","","","","","","","","Other","","0","","","","max","seed_max_id","2022-03-18 07:15","2026-10-05 18:00","1","1","0","","","","","","","Single user","","","",""
"John","Sessions","26c13407-e0df-4556-9d44-ee459c5f990e","","Director Operations","","Dirt Mining Ltd","info.section.the@example.net","","(556) 209-8095","(664) 627-7429","(847) 914-0232","","","555 Maple Street.","Denver","NY","63371","USA","","","","","","","","","","0","","","","will","seed_will_id","2024-03-22 19:15","2026-10-05 18:00","1","1","0","","","","","","","Single user","","","",""
"Miguel","Harkless","27a3d40e-a389-4b14-a7ea-6756b5b2a6ff","","Mgr Operations","","5D Investments","phone.beans.sugar@example.net","","(211) 975-4761","(610) 764-1325","(692) 018-9016","","","1715 Scott Dr","Los Angeles","NY","16206","USA","","","","","","","","Word of mouth","","0","","","","chris","seed_chris_id","2024-01-25 12:00","2026-10-05 18:00","1","1","0","","","","","","","Single user","","","",""
"Andy","Low","2aa48d63-e185-4da6-9662-198c38751c8b","","Director Operations","","Nelson Inc","sugar.phone.vegan@example.info","","(063) 737-2236","(050) 378-5965","(570) 083-3713","","","12 Long Ave","Sacramento","CA","27652","USA","","","","","","","","Self Generated","","0","","","","sarah","seed_sarah_id","2024-03-22 11:45","2026-10-05 18:00","1","1","0","","","","","","","Single user","","","",""
"Berry","Drumheller","2aadeb67-9051-4bed-a590-53b54affbc48","","VP Sales","","International Art Inc","kid.beans@example.edu","","(951) 851-0946","(318) 854-1493","(227) 379-4218","","","777 West Filmore Ln","Santa Fe","NY","28798","USA","","","","","","","","Direct Mail","","0","","","","chris","seed_chris_id","2023-12-12 11:15","2026-10-05 18:00","1","1","0","","","","","","","Single user","","","",""
"Ernest","Ryan","2ac4cf7a-a464-431c-b962-8136d2e59b4f","","IT Developer","","Avery Software Co","hr.kid@example.co.jp","","(202) 586-4705","(430) 586-2079","(959) 029-5314","","","1715 Scott Dr","Austin","CA","44029","USA","","","","","","","","","","0","","","","max","seed_max_id","2024-10-17 15:15","2026-10-05 18:00","1","1","0","","","","","","","Single user","","","",""
"Marci","Leadbetter","2bb56853-4955-4461-81bd-c81d2086aa2b","","VP Operations","","Rubble Group Inc","vegan.kid@example.edu","","(984) 735-2342","(125) 690-6959","(508) 834-3559","","","23 Greenwood Ln","Kansas City","CA","11672","USA","","","","","","","","","","0","","","","max","seed_max_id","2022-06-05 15:45","2026-10-05 18:00","1","1","0","","","","","","","Single user","","","",""
"Woodrow","Binkley","2c62e108-f3a3-4ebc-bc56-04bd62429463","","Director Operations","","First National S/B","kid.hr@example.name","","(212) 501-2246","(107) 686-5727","(099) 087-7888","","","777 West Filmore Ln","San Mateo","CA","56907","USA","","","","","","","","Existing Customer","","0","","","","sally","seed_sally_id","2023-11-21 19:15","2026-10-05 18:00","1","1","0","","","","","","","Single user","","","",""
"Candy","Cramer","3005ba42-3652-4704-b44c-ac9ab08039e3","","IT Developer","","Income Free Investing LP","phone.section.section@example.it","","(135) 055-3645","(009) 334-0435","(663) 279-1339","","","32 University Ave.","Salt Lake City","CA","83291","USA","","","","","","","","Self Generated","","0","","","","max","seed_max_id","2023-07-30 09:45","2026-10-05 18:00","1","1","0","","","","","","","Single user","","","",""
"Katherine","Hollar","31d773b3-7aa8-479a-a8dc-5e82cb559ac0","","IT Developer","","Hollywood Diner Ltd","hr46@example.name","","(310) 851-5719","(794) 328-4297","(515) 881-8998","","","32 University Ave.","Sunnyvale","CA","75051","USA","","","","","","","","Employee","","0","","","","max","seed_max_id","2022-11-27 09:30","2026-10-05 18:00","1","1","0","","","","","","","Single user","","","",""
"Robby","Tirado","320c7a3a-dff5-43e8-ac93-90732169fd96","","Director Sales","","24/7 Couriers","info.vegan.dev@example.cn","","(898) 533-7266","(867) 845-2512","(978) 653-4363","","","4275 Elm Dr","San Jose","CA","68729","USA","","","","","","","","Cold Call","","0","","","","sarah","seed_sarah_id","2022-11-20 13:45","2026-10-05 18:00","1","1","0","","","","","","","Single user","","","",""
"Richard","Graddy","323cbcd0-7bd3-4327-abe5-7ec17a997e86","","Senior Product Manager","","Sandeon Consolidation Corp","im76@example.tw","","(473) 911-6349","(114) 792-3331","(603) 676-1134","","","74 South Cemetery Ave","Dover","NY","63046","USA","","","","","","","","Direct Mail","","0","","","","will","seed_will_id","2025-04-29 19:45","2026-10-05 18:00","1","1","0","","","","","","","Single user","","","",""
"Lawerence","Doolittle","3270f943-02ad-4d83-9931-11df857d8040","","IT Developer","","Bay Funding Co","support.im.sugar@example.net","","(574) 396-8586","(128) 768-9677","(080) 907-2214","","","65478 Canyon Road","Atlanta","NY","10608","USA","","","","","","","","Trade Show","","0","","","","chris","seed_chris_id","2025-09-23 16:45","2026-10-05 18:00","1","1","0","","","","","","","Single user","","","",""
"Tommie","Crepeau","328bbb9b-9325-4fda-a4f1-6b692d64b1dd","","Mgr Operations","","Kaos Trading Ltd","sugar31@example.co.uk","","(677) 375-9853","(532) 645-3959","(268) 261-6124","","","789 River Way","Santa Fe","CA","61672","USA","","","","","","","","","","0","","","","max","seed_max_id","2023-08-05 13:00","2026-10-05 18:00","1","1","0","","","","","","","Single user","","","",""
"Darnell","Ahlstrom","337353f5-8f4d-42cc-9c49-dc3efc355052","","Senior Product Manager","","Grow-Fast Inc","im80@example.de","","(534) 651-7955","(399) 815-0611","(311) 819-3422","","","999 Baker Way","Sunnyvale","CA","87527","USA","","","","","","","","Existing Customer","","0","","","","max","seed_max_id","2022-03-18 07:15","2026-10-05 18:00","1","1","0","","","","","","","Single user","","","",""
"Dewitt","Buckingham","34fcf673-a451-4f6d-906c-b83304ede943","","Senior Product Manager","","Sunyvale Reporting Ltd","kid.kid@example.edu","","(322) 792-6060","(966) 862-6610","(694) 914-5357","","","4275 Elm Dr","Santa Fe","NY","71547","USA","","","","","","","","Email","","0","","","","chris","seed_chris_id","2022-08-16 12:15","2026-10-05 18:00","1","1","0","","","","","","","Single user","","","",""
"Clifton","Adcock","36107d5f-bbf2-48fd-8463-a8ef52069787","","President","","Cloud Cover Trust","vegan.info.the@example.co.jp","","(503) 427-2536","(389) 417-3227","(200) 324-5692","","","10 Southwold Path","San Jose","CA","51291","USA","","","","","","","","","","0","","","","sally","seed_sally_id","2023-11-03 13:45","2026-10-05 18:00","1","1","0","","","","","","","Single user","","","",""
"Alicia","Kight","36619ade-59a8-4a11-8f4b-ae357bedf94a","","VP Sales","","JBC Banking Inc","kid.sales@example.edu","","(422) 818-1631","(936) 893-6847","(528) 506-9164","","","25 King Street","Alabama","CA","94009","USA","","","","","","","","Partner","","0","","","","max","seed_max_id","2022-03-01 13:45","2026-10-05 18:00","1","1","0","","","","","","","Single user","","","",""
"Angelique","Lipman","381536a8-64ad-4753-9a9e-a9173904b704","","Director Sales","","A.D. Importing Company Inc","vegan89@example.tv","","(582) 056-2675","(791) 992-9651","(608) 930-5643","","","25 King Street","San Mateo","CA","87878","USA","","","","","","","","Conference","","0","","","","sarah","seed_sarah_id","2022-06-16 15:45","2026-10-05 18:00","1","1","0","","","","","","","Single user","","","",""
"Trisha","Villa","3b4ee789-ecfc-414a-b024-fcfa69bcaf7d","","VP Operations","","AB Drivers Limited","hr.beans.kid@example.co.jp","","(225) 449-7614","(043) 777-8090","(744) 595-3286","","","111 Vista Road","Denver","CA","34965","USA","","","","","","","","Word of mouth","","0","","","","sarah","seed_sarah_id","2025-08-18 12:45","2026-10-05 18:00","1","1","0","","","","","","","Single user","","","",""
"Barbara","Lance","3bcb2c42-25df-48f7-b7ca-f73bab565dd7","","Director Operations","","Cumberland Trails Inc","qa.vegan@example.tv","","(931) 034-8416","(442) 334-8988","(730) 601-9701","","","555 Maple Street.","Dover","CA","14323","USA","","","","","","","","Existing Customer","","0","","","","max","seed_max_id","2023-02-14 17:15","2026-10-05 18:00","1","1","0","","","","","","","Single user","","","",""
"Joan","Beauchamp","3c13b878-1ede-482e-bae7-08fb6ba25899","","VP Sales","","24/7 Couriers","section.phone.kid@example.co.jp","","(021) 855-8535","(520) 282-3824","(426) 289-8810","","","4275 Elm Dr","San Jose","CA","68729","USA","","","","","","","","Other","","0","","","","sarah","seed_sarah_id","2022-11-20 13:45","2026-10-05 18:00","1","1","0","","","","","","","Single user","","","",""
"Christie","Mancilla","3de952c4-d585-42ef-922a-ce7941034a0c","","VP Sales","","Air Safety Inc","support.sugar.sales@example.name","","(366) 842-4996","(377) 077-8020","(793) 464-7387","","","48920 San Carlos Ave","Hartford","CA","72191","USA","","","","","","","","Word of mouth","","0","","","","sally","seed_sally_id","2022-03-10 17:15","2026-10-05 18:00","1","1","0","","","","","","","Single user","","","",""
"Carol","Blades","3fcd4892-f94e-4c02-be15-283cab2cd283","","Director Sales","","Hammer Group Inc","section14@example.biz","","(147) 474-3210","(949) 434-5279","(231) 715-8122","","","74 South Cemetery Ave","Hartford","NY","53850","USA","","","","","","","","Direct Mail","","0","","","","chris","seed_chris_id","2023-11-23 19:45","2026-10-05 18:00","1","1","0","","","","","","","Single user","","","",""
"Earnestine","Moskowitz","3fe96192-a18a-40c3-a9a3-51de899ca786","","VP Sales","","B.H. Edwards Inc","hr93@example.cn","","(335) 456-7079","(990) 064-5865","(704) 193-8149","","","48920 San Carlos Ave","Kansas City","CA","64573","USA","","","","","","","","Direct Mail","","0","","","","sally","seed_sally_id","2025-07-28 13:45","2026-10-05 18:00","1","1","0","","","","","","","Single user","","","",""
"Beverley","Poulos","41af93b9-5b2b-4814-860f-54b8c1110658","","President","","DD Furniture Inc","phone83@example.info","","(995) 844-0276","(026) 089-7571","(990) 683-4142","","","48920 San Carlos Ave","San Jose","CA","41455","USA","","","","","","","","Other","","0","","","","sally","seed_sally_id","2024-08-26 18:45","2026-10-05 18:00","1","1","0","","","","","","","Single user","","","",""
"Aldo","Ott","436fa62a-6cdc-4718-9cc5-6e8cf4929aba","","VP Sales","","Constrata Trust LLC","sugar.kid.vegan@example.tw","","(869) 388-8962","(971) 018-9505","(454) 026-6757","","","32 University Ave.","San Mateo","NY","27410","USA","","","","","","","","Direct Mail","","0","","","","will","seed_will_id","2022-12-24 08:15","2026-10-05 18:00","1","1","0","","","","","","","Single user","","","",""
"Haywood","Hand","476c07f5-5888-4b19-9b7b-91aab5b84352","","Senior Product Manager","","Coolview Net Ltd","sales23@example.cn","","(165) 085-5751","(418) 190-7759","(033) 955-9060","","","111 Vista Road","San Francisco","NY","29696","USA","","","","","","","","Cold Call","","0","","","","chris","seed_chris_id","2022-06-08 11:30","2026-10-05 18:00","1","1","0","","","","","","","Single user","","","",""
"Loyd","Mendoza","47e87b61-4a4a-4a34-8cef-7e6fc7c70dc9","","Mgr Operations","","Dirt Mining Ltd","section.section@example.org","","(243) 716-2254","(501) 129-2387","(514) 446-5026","","","555 Maple Street.","Denver","NY","63371","USA","","","","","","","","Campaign","","0","","","","will","seed_will_id","2024-03-22 19:15","2026-10-05 18:00","1","1","0","","","","","","","Single user","","","",""
"Jewell","Mcdowell","4aeb4772-4b1e-4a24-bab6-48dd302e3ab2","","Senior Product Manager","","JBC Banking Inc","the.qa@example.it","","(272) 988-2163","(333) 092-1024","(921) 155-0240","","","25 King Street","Alabama","CA","94009","USA","","","","","","","","Other","","0","","","","max","seed_max_id","2022-03-01 13:45","2026-10-05 18:00","1","1","0","","","","","","","Single user","","","",""
"Marva","Encarnacion","4bc8b987-3fad-4a52-b6d8-c81a7d8d2d49","","Director Sales","","Aim Capital Inc","section83@example.info","","(014) 716-4266","(885) 579-3668","(634) 042-1897","","","789 River Way","Salt Lake City","CA","49336","USA","","","","","","","","Direct Mail","","0","","","","max","seed_max_id","2025-03-26 14:45","2026-10-05 18:00","1","1","0","","","","","","","Single user","","","",""
"Basil","Moriarty","4e533ae2-317e-47c9-a1f8-9efe41dbe9f7","","President","","First National S/B","kid.support@example.name","","(640) 864-0714","(086) 000-7935","(798) 673-4871","","","777 West Filmore Ln","San Mateo","CA","56907","USA","","","","","","","","Word of mouth","","0","","","","sally","seed_sally_id","2023-11-21 19:15","2026-10-05 18:00","1","1","0","","","","","","","Single user","","","",""
"Aubrey","Bugg","5124cf5f-3cd2-4b2a-8af3-b12f91d1ddb8","","President","","B.C. Investing International","qa.sales@example.info","","(464) 448-1319","(391) 123-6995","(341) 261-9940","","","25 King Street","Phoenix","CA","59018","USA","","","","","","","","Web Site","","0","","","","sally","seed_sally_id","2026-05-22 19:45","2026-10-05 18:00","1","1","0","","","","","","","Single user","","","",""
"Noreen","Wayne","51de351e-da19-4483-9452-1f1273410e9f","","VP Operations","","Davenport Investing","section.info@example.cn","","(278) 943-3807","(455) 190-2369","(209) 488-7798","","","74 South Cemetery Ave","San Mateo","CA","87161","USA","","","","","","","","Trade Show","","0","","","","sally","seed_sally_id","2022-04-21 06:15","2026-10-05 18:00","1","1","0","","","","","","","Single user","","","",""
"Elisha","Henry","542a8186-43c5-41b4-b20e-7a969856d3dd","","Senior Product Manager","","J.K.M. Corp (HA)","hr.the@example.com","","(172) 573-6662","(401) 067-2484","(851) 133-8482","","","78 Suite Street.","Frankfort","CA","75169","USA","","","","","","","","Direct Mail","","0","","","","sarah","seed_sarah_id","2021-12-11 11:00","2026-10-05 18:00","1","1","0","","","","","","","Single user","","","",""
"Leif","Bilski","5487f7bc-5ce9-40a9-92be-17d8d7d5935c","","Senior Product Manager","","Income Free Investing LP","beans.hr@example.tv","","(259) 684-8871","(487) 982-4705","(288) 403-1482","","","32 University Ave.","Salt Lake City","CA","83291","USA","","","","","","","","Cold Call","","0","","","","max","seed_max_id","2023-07-30 09:45","2026-10-05 18:00","1","1","0","","","","","","","Single user","","","",""
"Taylor","Manthey","55005af0-2299-4bce-80c7-508873144ae0","","VP Operations","","AB Drivers Limited","sales38@example.it","","(447) 106-5619","(462) 410-3806","(015) 159-7682","","","111 Vista Road","Denver","CA","34965","USA","","","","","","","","Other","","0","","","","sarah","seed_sarah_id","2025-08-18 12:45","2026-10-05 18:00","1","1","0","","","","","","","Single user","","","",""
"Reyes","Colunga","55e80454-e0b1-4b0a-b259-b6663392ca61","","Mgr Operations","","Ink Conglomerate Inc","section.phone.im@example.co.jp","","(890) 481-7247","(899) 325-4130","(805) 344-3447","","","111 Vista Road","San Jose","CA","90651","USA","","","","","","","","Other","","0","","","","sarah","seed_sarah_id","2024-08-27 11:15","2026-10-05 18:00","1","1","0","","","","","","","Single user","","","",""
"Dina","Rosborough","58fafdde-e754-43f6-97b0-b0822ab69a97","","Mgr Operations","","Sandeon Consolidation Corp","qa.the@example.de","","(763) 063-1449","(031) 133-7011","(487) 439-7725","","","74 South Cemetery Ave","Dover","NY","63046","USA","","","","","","","","Web Site","","0","","","","will","seed_will_id","2025-04-29 19:45","2026-10-05 18:00","1","1","0","","","","","","","Single user","","","",""
"Lupe","Kost","5a7e2f40-3773-40ef-83da-f55faac12093","","Director Sales","","Rubble Group Inc","sugar.support.qa@example.net","","(512) 315-4782","(970) 342-0248","(309) 857-8448","","","23 Greenwood Ln","Kansas City","CA","11672","USA","","","","","","","","Trade Show","","0","","","","max","seed_max_id","2022-06-05 15:45","2026-10-05 18:00","1","1","0","","","","","","","Single user","","","",""
"Clint","Gainer","5abfc3e3-e52b-4e4a-8904-ad76f3ccf4a4","","Director Sales","","Chandler Logistics Inc","vegan.vegan.sales@example.org","","(950) 912-3640","(852) 784-0469","(927) 707-6083","","","67321 West Siam St.","Kansas City","NY","88778","USA","","","","","","","","Conference","","0","","","","chris","seed_chris_id","2021-10-07 08:45","2026-10-05 18:00","1","1","0","","","","","","","Single user","","","",""
"Fernando","Mcmath","5b5c6a26-049f-44be-bc38-bc3a7bec4457","","President","","Cloud Cover Trust","im.vegan.phone@example.com","","(979) 171-3352","(602) 409-8189","(055) 067-1669","","","10 Southwold Path","San Jose","CA","51291","USA","","","","","","","","Campaign","","0","","","","sally","seed_sally_id","2023-11-03 13:45","2026-10-05 18:00","1","1","0","","","","","","","Single user","","","",""
"Katharine","Mowery","5ba19161-43a9-447e-a1b1-416401952f10","","Director Sales","","JAB Funds Ltd.","dev33@example.cn","","(059) 015-9444","(805) 056-8537","(912) 534-2367","","","555 Maple Street.","Denver","NY","98200","USA","","","","","","","","Public Relations","","0","","","","chris","seed_chris_id","2025-12-13 09:15","2026-10-05 18:00","1","1","0","","","","","","","Single user","","","",""
"Twila","Varnado","5d018e2f-8fb9-41c9-b174-34267426ff1e","","Mgr Operations","","Insight Marketing Inc","qa.kid.beans@example.tw","","(202) 119-4586","(859) 682-9907","(260) 465-1124","","","32 University Ave.","Kansas City","CA","58172","USA","","","","","","","","Public Relations","","0","","","","sally","seed_sally_id","2022-05-21 19:00","2026-10-05 18:00","1","1","0","","","","","","","Single user","","","",""
"Mollie","Larrison","5f857fc1-0795-4ebe-96d6-23e40ce30f96","","VP Operations","","DD Furniture Inc","hr.kid@example.name","","(028) 532-1666","(365) 361-1522","(051) 486-7960","","","48920 San Carlos Ave","San Jose","CA","41455","USA","","","","","","","","Campaign","","0","","","","sally","seed_sally_id","2024-08-26 18:45","2026-10-05 18:00","1","1","0","","","","","","","Single user","","","",""
"Lessie","Otten","60d99cdf-546c-4297-a45c-8bb9f435826a","","VP Operations","","Constrata Trust LLC","vegan.the@example.it","","(577) 807-4410","(150) 572-8399","(577) 745-8624","","","32 University Ave.","San Mateo","NY","27410","USA","","","","","","","","Public Relations","","0","","","","will","seed_will_id","2022-12-24 08:15","2026-10-05 18:00","1","1","0","","","","","","","Single user","","","",""
"Buster","Reichman","61e641d6-8fac-45a8-b7d2-8a2bc73ab9eb","","IT Developer","","Income Free Investing LP","kid48@example.it","","(719) 920-0398","(742) 383-6168","(562) 690-0111","","","32 University Ave.","Salt Lake City","CA","83291","USA","","","","","","","","Direct Mail","","0","","","","max","seed_max_id","2023-07-30 09:45","2026-10-05 18:00","1","1","0","","","","","","","Single user","","","",""
"Mike","Shoup","624a9fc2-2103-4822-bdeb-ffea5a691889","","Senior Product Manager","","Calm Sailing Inc","support86@example.name","","(866) 848-9270","(999) 589-8238","(613) 166-4941","","","32 University Ave.","Austin","CA","34357","USA","","","","","","","","Campaign","","0","","","","max","seed_max_id","2025-05-09 15:30","2026-10-05 18:00","1","1","0","","","","","","","Single user","","","",""
"Marla","Strohm","651e4e83-8245-47bc-9238-ce4dcfa42762","","VP Operations","","Calm Sailing Inc","beans.kid@example.edu","","(980) 289-2546","(142) 493-4402","(080) 634-2968","","","32 University Ave.","Austin","CA","34357","USA","","","","","","","","Employee","","0","","","","max","seed_max_id","2025-05-09 15:30","2026-10-05 18:00","1","1","0","","","","","","","Single user","","","",""
"Jerri","Max","667d2bd9-41e4-4885-8e97-05d8b6ebde24","","VP Sales","","Powell Funding","hr.beans.the@example.com","","(697) 010-2764","(081) 234-6918","(251) 770-8215","","","78 Suite Street.","Austin","CA","98119","USA","","","","","","","","Other","","0","","","","max","seed_max_id","2022-01-02 06:45","2026-10-05 18:00","1","1","0","","","","","","","Single user","","","",""
"Cherie","Hickox","679c4fea-edd2-4ebc-bde9-f61d234686e1","","Director Sales","","Rubble Group Inc","sugar54@example.co.uk","","(612) 743-6664","(826) 760-9794","(360) 683-9040","","","23 Greenwood Ln","Kansas City","CA","11672","USA","","","","","","","","Cold Call","","0","","","","max","seed_max_id","2022-06-05 15:45","2026-10-05 18:00","1","1","0","","","","","","","Single user","","","",""
"Danial","Wellington","67ef2cad-a3ca-476e-902f-f72678ca2e1b","","Mgr Operations","","Hammer Group Inc","sugar.phone@example.us","","(339) 942-2548","(707) 825-1332","(353) 404-5298","","","74 South Cemetery Ave","Hartford","NY","53850","USA","","","","","","","","Word of mouth","","0","","","","chris","seed_chris_id","2023-11-23 19:45","2026-10-05 18:00","1","1","0","","","","","","","Single user","","","",""
"Jewel","Hallenbeck","686abf5b-ffa9-42f7-84e8-8bb62ac992ca","","Director Sales","","B.C. Investing International","hr.kid.dev@example.cn","","(793) 869-4369","(104) 856-2177","(864) 538-7137","","","25 King Street","Phoenix","CA","59018","USA","","","","","","","","Word of mouth","","0","","","","sally","seed_sally_id","2026-05-22 19:45","2026-10-05 18:00","1","1","0","","","","","","","Single user","","","",""
"Emil","Ralston","68f650f7-7d16-48f7-a0ec-95d8e6b27f73","","IT Developer","","Ink Conglomerate Inc","vegan.hr@example.com","","(024) 150-2377","(841) 460-4544","(802) 660-3325","","","111 Vista Road","San Jose","CA","90651","USA","","","","","","","","Email","","0","","","","sarah","seed_sarah_id","2024-08-27 11:15","2026-10-05 18:00","1","1","0","","","","","","","Single user","","","",""
"Jesse","Cowart","691c52f6-c90d-4cd5-8840-f8f88e9013c0","","Senior Product Manager","","Kaos Trading Ltd","section.section@example.tv","","(063) 738-7637","(886) 974-2543","(040) 613-3612","","","789 River Way","Santa Fe","CA","61672","USA","","","","","","","","Campaign","","0","","","","max","seed_max_id","2023-08-05 13:00","2026-10-05 18:00","1","1","0","","","","","","","Single user","","","",""
"Abbie","Wylie","6959598e-937d-4a01-b522-427429abe127","","VP Operations","","360 Vacations","qa68@example.tw","","(336) 014-1230","(101) 398-8738","(627) 360-3152","","","78 Suite Street.","San Mateo","CA","93412","USA","","","","","","","","Campaign","","0","","","","sarah","seed_sarah_id","2025-07-08 11:30","2026-10-05 18:00","1","1","0","","","","","","","Single user","","","",""
"Tracey","Kindred","6c3cad93-d058-4e2b-8257-d38600219eeb","","VP Operations","","Hollywood Diner Ltd","kid43@example.us","","(991) 798-2834","(803) 109-6589","(432) 958-6688","","","32 University Ave.","Sunnyvale","CA","75051","USA","","","","","","","","Conference","","0","","","","max","seed_max_id","2022-11-27 09:30","2026-10-05 18:00","1","1","0","","","","","","","Single user","","","",""
"Lillie","Bubb","6c4682b3-7bd1-4d09-81bc-e4582c796de0","","Director Operations","","Dirt Mining Ltd","phone86@example.info","","(197) 768-4902","(438) 816-7246","(369) 949-8403","","","555 Maple Street.","Denver","NY","63371","USA","","","","","","","","Email","","0","","","","will","seed_will_id","2024-03-22 19:15","2026-10-05 18:00","1","1","0","","","","","","","Single user","","","",""
"Cliff","Cawley","6dc4580a-fbcd-4064-b649-7b3d11a505a1","","IT Developer","","Air Safety Inc","kid.dev@example.co.uk","","(522) 386-6978","(206) 466-8855","(109) 461-1252","","","48920 San Carlos Ave","Hartford","CA","72191","USA","","","","","","","","","","0","","","","sally","seed_sally_id","2022-03-10 17:15","2026-10-05 18:00","1","1","0","","","","","","","Single user","","","",""
"Trent","Boyle","6e82b454-285f-4e41-a9ba-2d06d6b7cff0","","VP Sales","","Gifted Holdings AG","sugar.phone@example.org","","(767) 140-6772","(197) 164-3554","(121) 069-2727","","","999 Baker Way","Kansas City","CA","11024","USA","","","","","","","","Email","","0","","","","sarah","seed_sarah_id","2024-09-15 11:15","2026-10-05 18:00","1","1","0","","","","","","","Single user","","","",""
"Maryann","Teal","6ec2ce32-8f7c-4d42-8b20-9a936de8483f","","Director Operations","","A.G. Parr PLC","the35@example.biz","","(401) 430-7303","(472) 410-0793","(541) 465-1814","","","23 Greenwood Ln","Kansas City","NY","56841","USA","","","","","","","","Public Relations","","0","","","","will","seed_will_id","2025-05-28 06:45","2026-10-05 18:00","1","1","0","","","","","","","Single user","","","",""
"Reynaldo","Vogl","6f046139-f6bd-4671-99d7-1b3d41bdbff6","","Director Sales","","Green Tractor Group Limited","sales49@example.com","","(587) 881-2975","(303) 933-1062","(802) 860-3568","","","4275 Elm Dr","Atlanta","NY","56146","USA","","","","","","","","Cold Call","","0","","","","chris","seed_chris_id","2026-01-27 12:00","2026-10-05 18:00","1","1","0","","","","","","","Single user","","","",""
"Rusty","Wages","6f07f68e-171d-48e2-97c3-533b26e04b5e","","Mgr Operations","","Powell Funding","sugar.hr.support@example.co.jp","","(388) 116-2453","(765) 913-5503","(137) 053-4962","","","78 Suite Street.","Austin","CA","98119","USA","","","","","","","","Email","","0","","","","max","seed_max_id","2022-01-02 06:45","2026-10-05 18:00","1","1","0","","","","","","","Single user","","","",""
"Serena","Arent","70e848d0-66f1-4d62-96d1-503d215e784f","","IT Developer","","B.C. Investing International","beans.info@example.co.jp","","(484) 968-3426","(597) 968-6487","(247) 753-5502","","","25 King Street","Phoenix","CA","59018","USA","","","","","","","","Existing Customer","","0","","","","sally","seed_sally_id","2026-05-22 19:45","2026-10-05 18:00","1","1","0","","","","","","","Single user","","","",""
"Justin","Rohe","70fe394b-e9e5-4146-a7bb-6cac3f73eac8","","President","","Calm Sailing Inc","kid90@example.info","","(194) 342-2303","(511) 335-6313","(824) 571-4464","","","32 University Ave.","Austin","CA","34357","USA","","","","","","","","Campaign","","0","","","","max","seed_max_id","2025-05-09 15:30","2026-10-05 18:00","1","1","0","","","","","","","Single user","","","",""
"Mickey","Hargis","715b74b3-d2ad-40cd-9f3b-7880cd374576","","Director Operations","","Complete Holding","sales61@example.com","","(355) 406-8504","(391) 880-3442","(118) 689-4097","","","111 Silicon Valley Road","Frankfort","CA","31288","USA","","","","","","","","Conference","","0","","","","sally","seed_sally_id","2025-01-22 18:00","2026-10-05 18:00","1","1","0","","","","","","","Single user","","","",""
"Concepcion","Getty","72cd1926-7055-46c4-9660-c37f7d7586d1","","Director Sales","","B.H. Edwards Inc","kid.kid@example.co.uk","","(452) 715-2543","(288) 482-0182","(589) 557-4610","","","48920 San Carlos Ave","Kansas City","CA","64573","USA","","","","","","","","Email","","0","","","","sally","seed_sally_id","2025-07-28 13:45","2026-10-05 18:00","1","1","0","","","","","","","Single user","","","",""
"Sang","Manus","730abdd9-1417-4955-ba0a-149d58062b43","","Director Sales","","JAB Funds Ltd.","beans.im@example.edu","","(655) 558-0858","(813) 331-3598","(686) 520-7366","","","555 Maple Street.","Denver","NY","98200","USA","","","","","","","","Conference","","0","","","","chris","seed_chris_id","2025-12-13 09:15","2026-10-05 18:00","1","1","0","","","","","","","Single user","","","",""
"Cynthia","Doyon","733ec57c-38af-4b2b-91cb-8d8f5c8422c5","","VP Operations","","Hollywood Diner Ltd","vegan.qa@example.de","","(812) 251-6423","(716) 603-1102","(894) 934-0692","","","32 University Ave.","Sunnyvale","CA","75051","USA","","","","","","","","Trade Show","","0","","","","max","seed_max_id","2022-11-27 09:30","2026-10-05 18:00","1","1","0","","","","","","","Single user","","","",""
"Jesse","Capozzi","7340ba9d-a91f-4347-9276-812ea088e0a3","","Director Operations","","JAB Funds Ltd.","qa.beans@example.de","","(678) 860-6718","(153) 206-7561","(968) 410-3387","","","555 Maple Street.","Denver","NY","98200","USA","","","","","","","","Trade Show","","0","","","","chris","seed_chris_id","2025-12-13 09:15","2026-10-05 18:00","1","1","0","","","","","","","Single user","","","",""
"Jeramy","Racine","762d6296-8c3f-4ae7-bfc1-22746c93ce80","","Director Operations","","Kringle Bell IncK.A. Tower & Co","support.qa.qa@example.net","","(174) 767-8688","(781) 884-6700","(407) 878-1394","","","555 Maple Street.","Sacramento","CA","26573","USA","","","","","","","","Self Generated","","0","","","","max","seed_max_id","2025-11-07 19:00","2026-10-05 18:00","1","1","0","","","","","","","Single user","","","",""
"Lamar","Mayorga","7767c051-39b2-4986-91cd-d231d5fd0313","","IT Developer","","DD Furniture Inc","im.support.phone@example.net","","(021) 996-4544","(077) 889-6288","(171) 219-5696","","","48920 San Carlos Ave","San Jose","CA","41455","USA","","","","","","","","Direct Mail","","0","","","","sally","seed_sally_id","2024-08-26 18:45","2026-10-05 18:00","1","1","0","","","","","","","Single user","","","",""
"Jacob","Abrahams","78ea3079-9dda-4c6b-937d-8b295b3d38ac","","President","","Grow-Fast Inc","support.the.dev@example.name","","(137) 282-5198","(637) 501-0714","(268) 379-9798","","","999 Baker Way","Sunnyvale","CA","87527","USA","","","","","","","","Self Generated","","0","","","","max","seed_max_id","2022-03-18 07:15","2026-10-05 18:00","1","1","0","","","","","","","Single user","","","",""
"Cleveland","East","79ca52cc-971a-4e97-9e39-05eee4b3169b","","IT Developer","","Cumberland Trails Inc","info.sales@example.de","","(895) 628-6521","(386) 978-4235","(912) 278-3020","","","555 Maple Street.","Dover","CA","14323","USA","","","","","","","","Web Site","","0","","","","max","seed_max_id","2023-02-14 17:15","2026-10-05 18:00","1","1","0","","","","","","","Single user","","","",""
"Sid","Grose","7ac30d40-7c20-4c19-8f41-d3ef7c17a95e","","VP Operations","","Income Free Investing LP","beans.im@example.org","","(200) 860-2963","(729) 766-2679","(972) 281-0751","","","32 University Ave.","Salt Lake City","CA","83291","USA","","","","","","","","Email","","0","","","","max","seed_max_id","2023-07-30 09:45","2026-10-05 18:00","1","1","0","","","","","","","Single user","","","",""
"Abe","Sheahan","7af838e2-0673-44f6-a03a-151f9225d1cb","","Director Sales","","Cumberland Trails Inc","hr.the.info@example.cn","","(892) 825-1983","(397) 100-8896","(311) 063-1434","","","555 Maple Street.","Dover","CA","14323","USA","","","","","","","","Web Site","","0","","","","max","seed_max_id","2023-02-14 17:15","2026-10-05 18:00","1","1","0","","","","","","","Single user","","","",""
"Kenny","Schnell","7bdf4c24-5545-4494-95fc-85f1fc44c3ba","","IT Developer","","Coolview Net Ltd","section.vegan.the@example.name","","(592) 728-1977","(363) 100-0037","(317) 258-9313","","","111 Vista Road","San Francisco","NY","29696","USA","","","","","","","","","","0","","","","chris","seed_chris_id","2022-06-08 11:30","2026-10-05 18:00","1","1","0","","","","","","","Single user","","","",""
"Hong","Lore","7f252399-4702-484e-aa49-f3fff61142ed","","Director Operations","","AtoZ Co Ltd","qa.qa.support@example.tv","","(873) 633-2538","(116) 196-4698","(653) 985-7185","","","10 Southwold Path","Denver","CA","45097","USA","","","","","","","","Word of mouth","","0","","","","sarah","seed_sarah_id","2026-05-12 08:15","2026-10-05 18:00","1","1","0","","","","","","","Single user","","","",""
"Kelley","Abramson","7fbc620f-9dd0-44da-b6e7-3fb582dd636a","","Senior Product Manager","","Air Safety Inc","im.sugar@example.org","","(368) 011-4803","(330) 544-2778","(456) 971-4706","","","48920 San Carlos Ave","Hartford","CA","72191","USA","","","","","","","","Direct Mail","","0","","","","sally","seed_sally_id","2022-03-10 17:15","2026-10-05 18:00","1","1","0","","","","","","","Single user","","","",""
"Willy","Heiner","818a174e-9ac9-4284-ac0d-cf137adc37f6","","Director Operations","","Gifted Holdings AG","the.sales.vegan@example.it","","(549) 894-2085","(785) 662-5701","(031) 286-7164","","","999 Baker Way","Kansas City","CA","11024","USA","","","","","","","","Conference","","0","","","","sarah","seed_sarah_id","2024-09-15 11:15","2026-10-05 18:00","1","1","0","","","","","","","Single user","","","",""
"Bridgette","Abreu","85b471a1-2685-4b11-96ab-57007eb6e378","","VP Operations","","Anytime Air Support Inc","info.phone@example.name","","(920) 059-8414","(698) 097-0600","(172) 731-7247","","","555 Maple Street.","Sunnyvale","CA","56972","USA","","","","","","","","Web Site","","0","","","","sally","seed_sally_id","2022-09-11 10:45","2026-10-05 18:00","1","1","0","","","","","","","Single user","","","",""
"Terrell","Petrie","8839ca88-3f95-4bd6-b589-8f49d124bc7f","","President","","Avery Software Co","phone37@example.us","","(959) 717-7983","(964) 236-6614","(376) 716-4578","","","1715 Scott Dr","Austin","CA","44029","USA","","","","","","","","Word of mouth","","0","","","","max","seed_max_id","2024-10-17 15:15","2026-10-05 18:00","1","1","0","","","","","","","Single user","","","",""
"Keith","Guillermo","885643e2-f9eb-44a0-bf72-d7a029be60b7","","Mgr Operations","","Airline Maintenance Co","info77@example.us","","(141) 785-4980","(812) 484-3018","(299) 158-2879","","","74 South Cemetery Ave","Austin","NY","54229","USA","","","","","","","","Partner","","0","","","","will","seed_will_id","2022-09-21 19:00","2026-10-05 18:00","1","1","0","","","","","","","Single user","","","",""
"Hipolito","Chivers","8af1c91d-1285-46fc-8ec8-e7f91798a723","","VP Operations","","Nelson Inc","qa73@example.de","","(172) 030-3220","(409) 593-1187","(567) 545-6476","","","12 Long Ave","Sacramento","CA","27652","USA","","","","","","","","Web Site","","0","","","","sarah","seed_sarah_id","2024-03-22 11:45","2026-10-05 18:00","1","1","0","","","","","","","Single user","","","",""
"Eliza","Corn","8bb99f88-7c22-4b04-82f7-5fb7c437a506","","Senior Product Manager","","Davenport Investing","vegan.hr@example.tv","","(655) 870-1431","(953) 661-9007","(265) 800-6842","","","74 South Cemetery Ave","San Mateo","CA","87161","USA","","","","","","","","Partner","","0","","","","sally","seed_sally_id","2022-04-21 06:15","2026-10-05 18:00","1","1","0","","","","","","","Single user","","","",""
"Charley","Fuentes","8dbd142c-7c97-4b10-b368-ab3020a6effd","","Senior Product Manager","","Coolview Net Ltd","vegan.phone.section@example.info","","(282) 159-4326","(470) 891-4545","(223) 078-0671","","","111 Vista Road","San Francisco","NY","29696","USA","","","","","","","","Public Relations","","0","","","","chris","seed_chris_id","2022-06-08 11:30","2026-10-05 18:00","1","1","0","","","","","","","Single user","","","",""
"Katherine","Healey","8e7849c6-adf4-4399-a591-5beb087f6235","","Mgr Operations","","Sunyvale Reporting Ltd","support.sugar.hr@example.name","","(952) 456-3388","(709) 729-1378","(947) 726-7358","","","4275 Elm Dr","Santa Fe","NY","71547","USA","","","","","","","","Cold Call","","0","","","","chris","seed_chris_id","2022-08-16 12:15","2026-10-05 18:00","1","1","0","","","","","","","Single user","","","",""
"Phyllis","Mahon","8e805fdb-dfed-4606-8601-db8a996e905c","","IT Developer","","Draft Diversified Energy Inc","vegan.kid.im@example.us","","(277) 934-7107","(115) 316-9616","(809) 845-3583","","","789 River Way","Austin","NY","57052","USA","","","","","","","","Partner","","0","","","","will","seed_will_id","2024-03-29 12:30","2026-10-05 18:00","1","1","0","","","","","","","Single user","","","",""
"Arlen","Gilmartin","8ead2fe2-bbf0-4722-a092-7fd87c2dd3f1","","VP Operations","","Constrata Trust LLC","support46@example.biz","","(207) 092-3206","(026) 517-8716","(220) 907-3249","","","32 University Ave.","San Mateo","NY","27410","USA","","","","","","","","Direct Mail","","0","","","","will","seed_will_id","2022-12-24 08:15","2026-10-05 18:00","1","1","0","","","","","","","Single user","","","",""
"German","Sandy","90a01d54-ce2d-437c-b3a9-7332d8d82982","","VP Sales","","Chandler Logistics Inc","section69@example.edu","","(497) 038-0916","(835) 835-5507","(405) 898-6972","","","67321 West Siam St.","Kansas City","NY","88778","USA","","","","","","","","Web Site","","0","","","","chris","seed_chris_id","2021-10-07 08:45","2026-10-05 18:00","1","1","0","","","","","","","Single user","","","",""
"Rob","Debolt","918d7e90-76ee-49d4-8ffb-c11f850fffdf","","Mgr Operations","","Anytime Air Support Inc","support61@example.co.jp","","(590) 477-3625","(102) 022-4966","(744) 412-8648","","","555 Maple Street.","Sunnyvale","CA","56972","USA","","","","","","","","Campaign","","0","","","","sally","seed_sally_id","2022-09-11 10:45","2026-10-05 18:00","1","1","0","","","","","","","Single user","","","",""
"","Ford","944f1788-38f0-4267-8135-70c51d582474","","","","","","","","","","","","","","","","","","","","","","","","","","0","","","","will","seed_will_id","2026-10-05 18:08","2026-10-05 18:08","seed_will_id","seed_will_id","0","","","","","","","Single user","0.00000000","0.00000000","",""
"Joni","Brill","96323e55-5e27-4b21-825c-85a60059bcf6","","Mgr Operations","","Cumberland Trails Inc","dev.im.support@example.info","","(057) 741-0173","(726) 295-0066","(155) 804-9367","","","555 Maple Street.","Dover","CA","14323","USA","","","","","","","","","","0","","","","max","seed_max_id","2023-02-14 17:15","2026-10-05 18:00","1","1","0","","","","","","","Single user","","","",""
"Marci","Milligan","96b03efc-8787-4bb1-99e9-dc95bb63def2","","Senior Product Manager","","Arts & Crafts Inc","sales53@example.co.jp","","(238) 233-3948","(028) 281-3635","(688) 985-9585","","","9 IBM Path","Kansas City","CA","30865","USA","","","","","","","","Public Relations","","0","","","","sarah","seed_sarah_id","2022-06-06 18:45","2026-10-05 18:00","1","1","0","","","","","","","Single user","","","",""
"Monroe","Downs","974f3cc6-89ce-42bf-9c9a-a3ed120ad073","","VP Sales","","Hammer Group Inc","vegan.hr.info@example.cn","","(360) 784-8287","(701) 351-9596","(482) 466-8436","","","74 South Cemetery Ave","Hartford","NY","53850","USA","","","","","","","","Partner","","0","","","","chris","seed_chris_id","2023-11-23 19:45","2026-10-05 18:00","1","1","0","","","","","","","Single user","","","",""
"Stefanie","Bustos","983d765b-48a6-41c9-9ae2-8284a5e0750c","","Senior Product Manager","","Chandler Logistics Inc","section.beans.im@example.de","","(273) 041-8654","(238) 989-3070","(984) 928-0834","","","67321 West Siam St.","Kansas City","NY","88778","USA","","","","","","","","Campaign","","0","","","","chris","seed_chris_id","2021-10-07 08:45","2026-10-05 18:00","1","1","0","","","","","","","Single user","","","",""
"Gordon","Eades","99765401-fea6-464d-8875-0973384b4fd6","","Director Operations","","AB Drivers Limited","dev.vegan@example.co.jp","","(459) 724-9967","(216) 268-9787","(521) 754-1675","","","111 Vista Road","Denver","CA","34965","USA","","","","","","","","Existing Customer","","0","","","","sarah","seed_sarah_id","2025-08-18 12:45","2026-10-05 18:00","1","1","0","","","","","","","Single user","","","",""
"Katharine","Kovacs","9b731b7a-0945-4307-85cb-22c0b5c4bbe0","","President","","JJ Resources Inc","info.sugar@example.org","","(471) 560-8010","(539) 946-5072","(858) 608-4989","","","74 South Cemetery Ave","Alabama","CA","50560","USA","","","","","","","","Existing Customer","","0","","","","max","seed_max_id","2023-06-21 11:45","2026-10-05 18:00","1","1","0","","","","","","","Single user","","","",""
"Gussie","Ulrich","9c5716e8-71c5-4428-8325-58692ea8203d","","IT Developer","","Sunyvale Reporting Ltd","sales.hr@example.co.uk","","(167) 439-0867","(946) 457-6233","(553) 888-7599","","","4275 Elm Dr","Santa Fe","NY","71547","USA","","","","","","","","Other","","0","","","","chris","seed_chris_id","2022-08-16 12:15","2026-10-05 18:00","1","1","0","","","","","","","Single user","","","",""
"Leroy","Broughton","9cc6ec46-34c8-4354-9a2e-cd9e4329c052","","President","","Bay Funding Co","im.the.sugar@example.us","","(466) 543-3929","(021) 430-1542","(612) 187-2450","","","65478 Canyon Road","Atlanta","NY","10608","USA","","","","","","","","","","0","","","","chris","seed_chris_id","2025-09-23 16:45","2026-10-05 18:00","1","1","0","","","","","","","Single user","","","",""
"Wm","Noe","9ceec958-2921-465a-824b-676a1cc4e7b2","","VP Sales","","Insight Marketing Inc","sales.hr@example.net","","(450) 792-7276","(950) 193-6016","(511) 994-0909","","","32 University Ave.","Kansas City","CA","58172","USA","","","","","","","","Trade Show","","0","","","","sally","seed_sally_id","2022-05-21 19:00","2026-10-05 18:00","1","1","0","","","","","","","Single user","","","",""
"Elba","Yocum","9d9e7f9d-b42f-428d-b222-dd42b0ff2b1e","","IT Developer","","JJ Resources Inc","qa.kid@example.us","","(607) 065-3597","(786) 712-1537","(726) 383-9383","","","74 South Cemetery Ave","Alabama","CA","50560","USA","","","","","","","","Direct Mail","","0","","","","max","seed_max_id","2023-06-21 11:45","2026-10-05 18:00","1","1","0","","","","","","","Single user","","","",""
"Dong","Marmolejo","9e801f6a-07e6-45fa-99d7-8c98e4b5bf04","","Senior Product Manager","","Green Tractor Group Limited","beans.qa@example.org","","(376) 447-9357","(937) 713-5478","(106) 963-8332","","","4275 Elm Dr","Atlanta","NY","56146","USA","","","","","","","","Web Site","","0","","","","chris","seed_chris_id","2026-01-27 12:00","2026-10-05 18:00","1","1","0","","","","","","","Single user","","","",""
"Ingrid","Lott","a163948f-a643-4425-8b00-1a73c1d661c0","","VP Operations","","Aim Capital Inc","kid.vegan.qa@example.co.uk","","(959) 104-5642","(094) 607-3395","(027) 742-4053","","","789 River Way","Salt Lake City","CA","49336","USA","","","","","","","","Partner","","0","","","","max","seed_max_id","2025-03-26 14:45","2026-10-05 18:00","1","1","0","","","","","","","Single user","","","",""
"Philip","Reade","a2076285-c06f-45fc-bb3d-870f91be2123","","IT Developer","","24/7 Couriers","vegan.dev.sales@example.us","","(261) 067-7163","(308) 082-0045","(892) 607-2225","","","4275 Elm Dr","San Jose","CA","68729","USA","","","","","","","","Cold Call","","0","","","","sarah","seed_sarah_id","2022-11-20 13:45","2026-10-05 18:00","1","1","0","","","","","","","Single user","","","",""
"Young","Plant","a24724ae-4d00-4517-838a-64edec03c4a7","","Senior Product Manager","","A.D. Importing Company Inc","dev.vegan@example.cn","","(329) 152-0748","(455) 539-0196","(124) 056-9734","","","25 King Street","San Mateo","CA","87878","USA","","","","","","","","Public Relations","","0","","","","sarah","seed_sarah_id","2022-06-16 15:45","2026-10-05 18:00","1","1","0","","","","","","","Single user","","","",""
"Vicky","Buch","a308c6c7-9078-4999-92e0-d9cad5e72b3d","","VP Operations","","Davenport Investing","dev.kid.vegan@example.tw","","(628) 933-5376","(516) 921-0274","(314) 534-8623","","","74 South Cemetery Ave","San Mateo","CA","87161","USA","","","","","","","","","","0","","","","sally","seed_sally_id","2022-04-21 06:15","2026-10-05 18:00","1","1","0","","","","","","","Single user","","","",""
"Angelia","Tatom","a3ec5773-19b5-40ce-a5f0-dab01b48b1c5","","VP Operations","","Sandeon Consolidation Corp","qa.support.qa@example.cn","","(754) 521-6391","(253) 957-9458","(783) 957-5569","","","74 South Cemetery Ave","Dover","NY","63046","USA","","","","","","","","Conference","","0","","","","will","seed_will_id","2025-04-29 19:45","2026-10-05 18:00","1","1","0","","","","","","","Single user","","","",""
"Santo","Patt","a4e5f884-b324-4bc8-bdd3-a3e611e6786a","","IT Developer","","Insight Marketing Inc","hr.phone.beans@example.us","","(745) 032-0364","(845) 357-1652","(972) 334-7029","","","32 University Ave.","Kansas City","CA","58172","USA","","","","","","","","Trade Show","","0","","","","sally","seed_sally_id","2022-05-21 19:00","2026-10-05 18:00","1","1","0","","","","","","","Single user","","","",""
"Bradly","Piner","a5e2ba08-30b5-4c70-9ba1-d7e8ce70bc70","","Director Operations","","Jungle Systems Inc","sugar.the.support@example.cn","","(898) 595-2044","(967) 363-8239","(839) 678-8284","","","4275 Elm Dr","Los Angeles","NY","44253","USA","","","","","","","","Public Relations","","0","","","","chris","seed_chris_id","2024-12-24 17:00","2026-10-05 18:00","1","1","0","","","","","","","Single user","","","",""
"Wesley","Sheffer","a6b5ec6d-11f4-4d80-bc2e-56c9b0324597","","Director Operations","","Davenport Investing","im.kid@example.info","","(823) 103-2240","(531) 262-6616","(721) 380-5040","","","74 South Cemetery Ave","San Mateo","CA","87161","USA","","","","","","","","Existing Customer","","0","","","","sally","seed_sally_id","2022-04-21 06:15","2026-10-05 18:00","1","1","0","","","","","","","Single user","","","",""
"Jeannie","Allison","a76cfdb1-3810-4e44-9a0b-17c6464b1f14","","Senior Product Manager","","360 Vacations","hr.sugar.phone@example.edu","","(103) 088-2519","(890) 241-2927","(285) 392-0002","","","78 Suite Street.","San Mateo","CA","93412","USA","","","","","","","","Word of mouth","","0","","","","sarah","seed_sarah_id","2025-07-08 11:30","2026-10-05 18:00","1","1","0","","","","","","","Single user","","","",""
"Arlen","Canty","a9de9344-ac3a-4ccf-bfb0-3f224d17212d","","Director Sales","","360 Vacations","kid.section@example.edu","","(770) 847-7250","(379) 593-2567","(769) 399-1017","","","78 Suite Street.","San Mateo","CA","93412","USA","","","","","","","","Existing Customer","","0","","","","sarah","seed_sarah_id","2025-07-08 11:30","2026-10-05 18:00","1","1","0","","","","","","","Single user","","","",""
"Francesco","Carranza","aa29afdb-beb7-4bd4-9ccb-4bd5e0c5b847","","IT Developer","","AB Drivers Limited","kid.phone@example.edu","","(336) 402-6237","(351) 856-6467","(178) 295-9568","","","111 Vista Road","Denver","CA","34965","USA","","","","","","","","","","0","","","","sarah","seed_sarah_id","2025-08-18 12:45","2026-10-05 18:00","1","1","0","","","","","","","Single user","","","",""
"Erin","Mudge","ab84d04b-d865-4bf0-abf9-96220499137b","","Director Sales","","Powell Funding","support.im@example.net","","(327) 875-1123","(813) 316-2909","(419) 453-9672","","","78 Suite Street.","Austin","CA","98119","USA","","","","","","","","Word of mouth","","0","","","","max","seed_max_id","2022-01-02 06:45","2026-10-05 18:00","1","1","0","","","","","","","Single user","","","",""
"Ora","Mcfaddin","ab9e0fb9-8d7e-4bc6-9a58-b870f5d6b5a3","","VP Sales","","JJ Resources Inc","im97@example.org","","(368) 261-2480","(319) 392-9319","(055) 449-7087","","","74 South Cemetery Ave","Alabama","CA","50560","USA","","","","","","","","Existing Customer","","0","","","","max","seed_max_id","2023-06-21 11:45","2026-10-05 18:00","1","1","0","","","","","","","Single user","","","",""
"Cliff","Neiman","ad168075-2ff6-44b0-a6e7-a7551dd870fd","","Director Operations","","Jungle Systems Inc","sales.hr.im@example.edu","","(595) 913-4306","(284) 164-2246","(180) 240-7671","","","4275 Elm Dr","Los Angeles","NY","44253","USA","","","","","","","","Direct Mail","","0","","","","chris","seed_chris_id","2024-12-24 17:00","2026-10-05 18:00","1","1","0","","","","","","","Single user","","","",""
"Carol","Windom","ae5d9592-f323-49a7-9d37-078909de33d6","","Director Sales","","JAB Funds Ltd.","vegan21@example.name","","(003) 581-6068","(471) 469-6569","(638) 978-5744","","","555 Maple Street.","Denver","NY","98200","USA","","","","","","","","Partner","","0","","","","chris","seed_chris_id","2025-12-13 09:15","2026-10-05 18:00","1","1","0","","","","","","","Single user","","","",""
"Maude","Elders","b1596cea-0e1b-498c-ab6c-f70aaac3e57f","","IT Developer","","AtoZ Co Ltd","hr.info@example.tv","","(737) 383-2031","(158) 722-6723","(813) 253-0565","","","10 Southwold Path","Denver","CA","45097","USA","","","","","","","","Email","","0","","","","sarah","seed_sarah_id","2026-05-12 08:15","2026-10-05 18:00","1","1","0","","","","","","","Single user","","","",""
"Shari","Galvan","b231bb87-23e9-4549-ac1e-eb4814391adc","","President","","Cloud Cover Trust","qa.dev.kid@example.cn","","(104) 617-1933","(349) 283-6198","(137) 597-5868","","","10 Southwold Path","San Jose","CA","51291","USA","","","","","","","","Campaign","","0","","","","sally","seed_sally_id","2023-11-03 13:45","2026-10-05 18:00","1","1","0","","","","","","","Single user","","","",""
"Randall","Huskins","b4225a17-0632-489b-b639-c28ee3308869","","Mgr Operations","","5D Investments","section.phone@example.us","","(486) 412-6675","(633) 399-6937","(363) 177-5887","","","1715 Scott Dr","Los Angeles","NY","16206","USA","","","","","","","","Conference","","0","","","","chris","seed_chris_id","2024-01-25 12:00","2026-10-05 18:00","1","1","0","","","","","","","Single user","","","",""
"Christie","Zielinski","b43db0db-42da-44b7-b632-b49b61519e14","","Director Sales","","A.G. Parr PLC","sales.info.kid@example.org","","(319) 743-1940","(928) 028-4990","(143) 700-2661","","","23 Greenwood Ln","Kansas City","NY","56841","USA","","","","","","","","Partner","","0","","","","will","seed_will_id","2025-05-28 06:45","2026-10-05 18:00","1","1","0","","","","","","","Single user","","","",""
"Harry","Carls","b4b1177d-e82e-43cd-a5c3-6fa538c425a6","","Director Sales","","Avery Software Co","section.dev@example.edu","","(920) 690-8375","(741) 462-2117","(152) 381-8783","","","1715 Scott Dr","Austin","CA","44029","USA","","","","","","","","Self Generated","","0","","","","max","seed_max_id","2024-10-17 15:15","2026-10-05 18:00","1","1","0","","","","","","","Single user","","","",""
"Hugh","Mccaskill","b4f5a998-a255-42f1-94f2-a17cc1ad53f1","","IT Developer","","Calm Sailing Inc","info46@example.it","","(902) 219-1547","(088) 678-2541","(524) 782-8018","","","32 University Ave.","Austin","CA","34357","USA","","","","","","","","Cold Call","","0","","","","max","seed_max_id","2025-05-09 15:30","2026-10-05 18:00","1","1","0","","","","","","","Single user","","","",""
"Wilfred","Barrington","b662730b-43a7-4633-ad2c-384620252e82","","Director Operations","","J.K.M. Corp (HA)","sales.vegan.info@example.de","","(674) 866-6284","(808) 654-1765","(398) 921-2150","","","78 Suite Street.","Frankfort","CA","75169","USA","","","","","","","","","","0","","","","sarah","seed_sarah_id","2021-12-11 11:00","2026-10-05 18:00","1","1","0","","","","","","","Single user","","","",""
"Tonya","Dole","b99fc654-3c32-4969-a38a-ffd883047cf1","","IT Developer","","Arts & Crafts Inc","vegan.info@example.us","","(753) 632-5625","(891) 930-0962","(030) 300-8210","","","9 IBM Path","Kansas City","CA","30865","USA","","","","","","","","Public Relations","","0","","","","sarah","seed_sarah_id","2022-06-06 18:45","2026-10-05 18:00","1","1","0","","","","","","","Single user","","","",""
"Elden","Ketcham","bb6b22c6-451f-4fbb-b31e-2caa6599b2ee","","President","","Air Safety Inc","hr.kid.kid@example.it","","(079) 586-6825","(118) 742-4589","(379) 299-4758","","","48920 San Carlos Ave","Hartford","CA","72191","USA","","","","","","","","Trade Show","","0","","","","sally","seed_sally_id","2022-03-10 17:15","2026-10-05 18:00","1","1","0","","","","","","","Single user","","","",""
"Domenic","Hoehn","bc803ee1-831d-4e4d-925c-70cee538fb88","","VP Operations","","Powell Funding","vegan67@example.com","","(119) 468-7760","(320) 140-6192","(018) 836-9643","","","78 Suite Street.","Austin","CA","98119","USA","","","","","","","","Campaign","","0","","","","max","seed_max_id","2022-01-02 06:45","2026-10-05 18:00","1","1","0","","","","","","","Single user","","","",""
"Traci","Mathena","be93540c-75ac-4fbf-9c3d-baa725330a6e","","Director Operations","","Kringle Bell IncK.A. Tower & Co","the.hr@example.co.uk","","(496) 179-1199","(774) 029-3165","(154) 717-8202","","","555 Maple Street.","Sacramento","CA","26573","USA","","","","","","","","Email","","0","","","","max","seed_max_id","2025-11-07 19:00","2026-10-05 18:00","1","1","0","","","","","","","Single user","","","",""
"Dewitt","Hecker","c0dd1ac4-b00b-4c43-9b0b-b83ad0346337","","Director Operations","","Jungle Systems Inc","kid.vegan.kid@example.net","","(876) 731-1439","(124) 166-4035","(994) 149-7130","","","4275 Elm Dr","Los Angeles","NY","44253","USA","","","","","","","","Trade Show","","0","","","","chris","seed_chris_id","2024-12-24 17:00","2026-10-05 18:00","1","1","0","","","","","","","Single user","","","",""
"Wilburn","Pugh","c0f579e1-7c03-4586-b95c-f896c28bc065","","Mgr Operations","","Hollywood Diner Ltd","sales.info@example.name","","(060) 373-2324","(698) 750-5918","(174) 897-6649","","","32 University Ave.","Sunnyvale","CA","75051","USA","","","","","","","","Employee","","0","","","","max","seed_max_id","2022-11-27 09:30","2026-10-05 18:00","1","1","0","","","","","","","Single user","","","",""
"Georgette","Kerley","c30b4e86-2af6-4ccc-8cfc-f9b21454d52f","","Senior Product Manager","","A.G. Parr PLC","kid78@example.biz","","(944) 260-6045","(634) 288-0642","(133) 406-7596","","","23 Greenwood Ln","Kansas City","NY","56841","USA","","","","","","","","Conference","","0","","","","will","seed_will_id","2025-05-28 06:45","2026-10-05 18:00","1","1","0","","","","","","","Single user","","","",""
"Adam","Bazemore","c40515d6-ee1a-46ce-977e-0aef18bc1976","","VP Sales","","Sandeon Consolidation Corp","kid.hr@example.name","","(459) 140-6491","(482) 165-4632","(118) 685-8974","","","74 South Cemetery Ave","Dover","NY","63046","USA","","","","","","","","Web Site","","0","","","","will","seed_will_id","2025-04-29 19:45","2026-10-05 18:00","1","1","0","","","","","","","Single user","","","",""
"Robin","Botsford","c455790e-16a2-4a93-8c77-cb0bd4a3349d","","Director Sales","","J.K.M. Corp (HA)","vegan.dev@example.edu","","(377) 220-0640","(983) 381-4795","(330) 641-9413","","","78 Suite Street.","Frankfort","CA","75169","USA","","","","","","","","Conference","","0","","","","sarah","seed_sarah_id","2021-12-11 11:00","2026-10-05 18:00","1","1","0","","","","","","","Single user","","","",""
"","Connie","c544c44d-ffdf-4299-8d78-f57516ef6e5b","","","","","","","","","","","","","","","","","","","","","","","","","","0","","","","will","seed_will_id","2026-10-05 18:08","2026-10-05 18:08","seed_will_id","seed_will_id","0","","","","","","","Single user","0.00000000","0.00000000","",""
"Sydney","Bober","c830bc54-9572-47b1-a535-65faf4b93f91","","IT Developer","","First National S/B","info.kid@example.tw","","(183) 799-2590","(856) 129-0307","(544) 347-3441","","","777 West Filmore Ln","San Mateo","CA","56907","USA","","","","","","","","Partner","","0","","","","sally","seed_sally_id","2023-11-21 19:15","2026-10-05 18:00","1","1","0","","","","","","","Single user","","","",""
"Stan","Tovar","c8be335b-1410-420f-93c6-798a8dae3673","","President","","Coolview Net Ltd","the.vegan@example.tw","","(612) 175-8456","(393) 089-3164","(237) 853-7296","","","111 Vista Road","San Francisco","NY","29696","USA","","","","","","","","","","0","","","","chris","seed_chris_id","2022-06-08 11:30","2026-10-05 18:00","1","1","0","","","","","","","Single user","","","",""
"Ernest","Sallee","c8f637c6-28f9-43f4-acfa-fcf9f58bbd0e","","IT Developer","","Complete Holding","qa.im.the@example.us","","(355) 741-5646","(468) 944-8949","(675) 752-1229","","","111 Silicon Valley Road","Frankfort","CA","31288","USA","","","","","","","","Other","","0","","","","sally","seed_sally_id","2025-01-22 18:00","2026-10-05 18:00","1","1","0","","","","","","","Single user","","","",""
"Jc","Phaneuf","c942ebf0-fd0a-4c70-9490-6353b3bbafa9","","VP Operations","","JBC Banking Inc","sugar52@example.name","","(205) 556-2336","(749) 837-5022","(471) 824-3662","","","25 King Street","Alabama","CA","94009","USA","","","","","","","","Other","","0","","","","max","seed_max_id","2022-03-01 13:45","2026-10-05 18:00","1","1","0","","","","","","","Single user","","","",""
"Dalton","Amaral","cc71deb4-b4f5-4fba-b9f9-738971d8cf5f","","Director Sales","","Ink Conglomerate Inc","dev.info.phone@example.co.jp","","(565) 273-1008","(949) 849-9949","(931) 610-4562","","","111 Vista Road","San Jose","CA","90651","USA","","","","","","","","","","0","","","","sarah","seed_sarah_id","2024-08-27 11:15","2026-10-05 18:00","1","1","0","","","","","","","Single user","","","",""
"Bradley","Pough","ccdf0791-9e7b-46ba-b933-64d79e38fa26","","Director Operations","","AtoZ Co Ltd","beans48@example.edu","","(369) 406-9823","(960) 707-5324","(023) 182-3293","","","10 Southwold Path","Denver","CA","45097","USA","","","","","","","","Other","","0","","","","sarah","seed_sarah_id","2026-05-12 08:15","2026-10-05 18:00","1","1","0","","","","","","","Single user","","","",""
"Juana","Stokely","cdfc91a6-cb33-474b-be0c-b9315b6b99c9","","Director Operations","","Airline Maintenance Co","kid.dev.hr@example.tv","","(771) 732-2970","(967) 391-6756","(145) 633-3544","","","74 South Cemetery Ave","Austin","NY","54229","USA","","","","","","","","Employee","","0","","","","will","seed_will_id","2022-09-21 19:00","2026-10-05 18:00","1","1","0","","","","","","","Single user","","","",""
"Tonia","Llewellyn","ce889dcb-75cb-46cc-a639-3a3313db7d4f","","Director Sales","","Ink Conglomerate Inc","sugar.info@example.edu","","(549) 559-1659","(675) 319-6145","(793) 815-5383","","","111 Vista Road","San Jose","CA","90651","USA","","","","","","","","Partner","","0","","","","sarah","seed_sarah_id","2024-08-27 11:15","2026-10-05 18:00","1","1","0","","","","","","","Single user","","","",""
"Nichole","Livengood","cf81bd9a-a0ee-4f72-a1cb-c7a0794126c3","","Director Sales","","Anytime Air Support Inc","kid.section@example.it","","(242) 163-5306","(529) 007-5206","(476) 409-4527","","","555 Maple Street.","Sunnyvale","CA","56972","USA","","","","","","","","Employee","","0","","","","sally","seed_sally_id","2022-09-11 10:45","2026-10-05 18:00","1","1","0","","","","","","","Single user","","","",""
"Anastasia","Arana","d12f2653-6949-4b9f-8c26-d9e6328987ef","","Mgr Operations","","Bay Funding Co","hr.vegan.section@example.edu","","(840) 153-6054","(507) 872-8908","(152) 548-3482","","","65478 Canyon Road","Atlanta","NY","10608","USA","","","","","","","","","","0","","","","chris","seed_chris_id","2025-09-23 16:45","2026-10-05 18:00","1","1","0","","","","","","","Single user","","","",""
"Reid","Braziel","d147039f-3e3b-4d70-a318-278fe29ac47e","","Mgr Operations","","Arts & Crafts Inc","beans.info@example.de","","(704) 978-1415","(450) 958-5401","(248) 713-0690","","","9 IBM Path","Kansas City","CA","30865","USA","","","","","","","","Conference","","0","","","","sarah","seed_sarah_id","2022-06-06 18:45","2026-10-05 18:00","1","1","0","","","","","","","Single user","","","",""
"Jessie","Armijo","d22f8254-943f-4ff7-a98b-ad5ad19352be","","President","","Nelson Inc","hr38@example.de","","(428) 025-3158","(926) 358-1210","(897) 304-5422","","","12 Long Ave","Sacramento","CA","27652","USA","","","","","","","","Web Site","","0","","","","sarah","seed_sarah_id","2024-03-22 11:45","2026-10-05 18:00","1","1","0","","","","","","","Single user","","","",""
"Neville","Bracy","d2eaf8cb-7be7-4b58-ba8f-ef5239edf74a","","Senior Product Manager","","International Art Inc","beans30@example.us","","(386) 715-7698","(694) 599-0734","(705) 765-7037","","","777 West Filmore Ln","Santa Fe","NY","28798","USA","","","","","","","","Campaign","","0","","","","chris","seed_chris_id","2023-12-12 11:15","2026-10-05 18:00","1","1","0","","","","","","","Single user","","","",""
"Jane","Bevers","d49e422d-d1d9-429a-a456-302676425466","","Director Operations","","Kaos Trading Ltd","the99@example.co.uk","","(578) 518-2322","(752) 961-5566","(372) 529-2847","","","789 River Way","Santa Fe","CA","61672","USA","","","","","","","","Existing Customer","","0","","","","max","seed_max_id","2023-08-05 13:00","2026-10-05 18:00","1","1","0","","","","","","","Single user","","","",""
"Ruben","Gerhart","d54397e9-6b5c-482f-943f-2d8bacd6e7af","","Director Sales","","Hammer Group Inc","the.vegan@example.us","","(931) 084-3836","(287) 174-1504","(250) 782-5105","","","74 South Cemetery Ave","Hartford","NY","53850","USA","","","","","","","","Word of mouth","","0","","","","chris","seed_chris_id","2023-11-23 19:45","2026-10-05 18:00","1","1","0","","","","","","","Single user","","","",""
"Tristan","Coons","d6323ae1-74c3-4aad-b3b6-a0f997930ed2","","Director Sales","","Draft Diversified Energy Inc","hr.qa@example.co.jp","","(636) 302-5053","(949) 191-8179","(382) 496-3421","","","789 River Way","Austin","NY","57052","USA","","","","","","","","Campaign","","0","","","","will","seed_will_id","2024-03-29 12:30","2026-10-05 18:00","1","1","0","","","","","","","Single user","","","",""
"Robbie","Simental","dabe9489-4aa5-4479-995b-b104afc425b4","","Mgr Operations","","360 Vacations","support42@example.cn","","(659) 327-7633","(216) 021-3630","(933) 164-3331","","","78 Suite Street.","San Mateo","CA","93412","USA","","","","","","","","Trade Show","","0","","","","sarah","seed_sarah_id","2025-07-08 11:30","2026-10-05 18:00","1","1","0","","","","","","","Single user","","","",""
"Jeromy","Cortinas","db7a58f7-7a27-4779-9357-e2fb779fe5a3","","IT Developer","","International Art Inc","kid.im@example.net","","(366) 792-4565","(396) 686-2054","(860) 309-6842","","","777 West Filmore Ln","Santa Fe","NY","28798","USA","","","","","","","","Employee","","0","","","","chris","seed_chris_id","2023-12-12 11:15","2026-10-05 18:00","1","1","0","","","","","","","Single user","","","",""
"Eleanor","Jasmin","dc2956b4-f77a-4510-9462-2cb2e439aa8b","","IT Developer","","A.G. Parr PLC","hr30@example.org","","(610) 743-4961","(028) 716-3224","(341) 466-6766","","","23 Greenwood Ln","Kansas City","NY","56841","USA","","","","","","","","Cold Call","","0","","","","will","seed_will_id","2025-05-28 06:45","2026-10-05 18:00","1","1","0","","","","","","","Single user","","","",""
"Roland","Schacher","dd76f298-e31e-4292-b602-0b228856471d","","Director Operations","","Jungle Systems Inc","qa48@example.co.uk","","(679) 857-0702","(905) 896-2168","(826) 045-0195","","","4275 Elm Dr","Los Angeles","NY","44253","USA","","","","","","","","Email","","0","","","","chris","seed_chris_id","2024-12-24 17:00","2026-10-05 18:00","1","1","0","","","","","","","Single user","","","",""
"Ellsworth","Nunez","dda228a5-099d-4c89-af5f-612b0088f90f","","Senior Product Manager","","Constrata Trust LLC","the23@example.tv","","(583) 112-7119","(437) 937-0946","(977) 659-3524","","","32 University Ave.","San Mateo","NY","27410","USA","","","","","","","","Other","","0","","","","will","seed_will_id","2022-12-24 08:15","2026-10-05 18:00","1","1","0","","","","","","","Single user","","","",""
"Kevin","Cha","e1af65a0-5477-4299-8f91-e4ffecdfc2e4","","VP Operations","","Bay Funding Co","section27@example.com","","(460) 880-1418","(259) 021-1543","(314) 184-3410","","","65478 Canyon Road","Atlanta","NY","10608","USA","","","","","","","","Self Generated","","0","","","","chris","seed_chris_id","2025-09-23 16:45","2026-10-05 18:00","1","1","0","","","","","","","Single user","","","",""
"Dustin","Hoopes","e1ee2aca-ce31-497a-9f16-fb43339fc291","","VP Sales","","Sunyvale Reporting Ltd","im.beans@example.tw","","(287) 455-9788","(105) 610-1369","(255) 203-6646","","","4275 Elm Dr","Santa Fe","NY","71547","USA","","","","","","","","Conference","","0","","","","chris","seed_chris_id","2022-08-16 12:15","2026-10-05 18:00","1","1","0","","","","","","","Single user","","","",""
"Dionne","Luter","e34d532e-5556-481b-a2a8-ec7399cb3301","","VP Sales","","Kringle Bell IncK.A. Tower & Co","support.info@example.biz","","(796) 085-0071","(234) 117-1764","(008) 463-2991","","","555 Maple Street.","Sacramento","CA","26573","USA","","","","","","","","Campaign","","0","","","","max","seed_max_id","2025-11-07 19:00","2026-10-05 18:00","1","1","0","","","","","","","Single user","","","",""
"Natasha","Osborne","e60e2cdc-21d7-44d1-802c-0861b9403b34","","Director Operations","","360 Vacations","support22@example.biz","","(757) 150-9557","(437) 710-7041","(585) 345-8201","","","78 Suite Street.","San Mateo","CA","93412","USA","","","","","","","","Cold Call","","0","","","","sarah","seed_sarah_id","2025-07-08 11:30","2026-10-05 18:00","1","1","0","","","","","","","Single user","","","",""
"Noble","Pilger","e63f17d7-7d00-42f9-82f5-449ebb997a3b","","Mgr Operations","","JBC Banking Inc","vegan.support@example.info","","(265) 557-1705","(475) 556-7259","(131) 459-7945","","","25 King Street","Alabama","CA","94009","USA","","","","","","","","Cold Call","","0","","","","max","seed_max_id","2022-03-01 13:45","2026-10-05 18:00","1","1","0","","","","","","","Single user","","","",""
"Odessa","Rolf","e661a965-ef90-4ae9-87d1-a595cc57fccc","","President","","Aim Capital Inc","qa.qa.kid@example.de","","(162) 286-2849","(121) 764-4173","(858) 381-8728","","","789 River Way","Salt Lake City","CA","49336","USA","","","","","","","","","","0","","","","max","seed_max_id","2025-03-26 14:45","2026-10-05 18:00","1","1","0","","","","","","","Single user","","","",""
"Earlene","Culbert","e77176cb-4068-44da-91cb-7e4480f40eaf","","Director Sales","","Chandler Logistics Inc","beans42@example.de","","(529) 351-4660","(059) 938-8982","(334) 439-6473","","","67321 West Siam St.","Kansas City","NY","88778","USA","","","","","","","","Trade Show","","0","","","","chris","seed_chris_id","2021-10-07 08:45","2026-10-05 18:00","1","1","0","","","","","","","Single user","","","",""
"Madelyn","Woolverton","e88f4895-512f-4d13-b69a-1d5abd1b0de8","","President","","24/7 Couriers","dev86@example.biz","","(584) 036-7539","(621) 349-0122","(487) 731-9613","","","4275 Elm Dr","San Jose","CA","68729","USA","","","","","","","","Conference","","0","","","","sarah","seed_sarah_id","2022-11-20 13:45","2026-10-05 18:00","1","1","0","","","","","","","Single user","","","",""
"Homer","Scherrer","e8b0ff43-c089-420c-93b1-944e72b849cc","","IT Developer","","5D Investments","kid.section@example.tw","","(217) 420-2230","(197) 268-8376","(001) 193-1438","","","1715 Scott Dr","Los Angeles","NY","16206","USA","","","","","","","","Cold Call","","0","","","","chris","seed_chris_id","2024-01-25 12:00","2026-10-05 18:00","1","1","0","","","","","","","Single user","","","",""
"Emanuel","Bemis","e9055b4c-a441-4b9d-821f-1cbecd0de0c2","","Senior Product Manager","","Complete Holding","sugar.vegan@example.tv","","(071) 714-1100","(894) 601-7045","(840) 660-0618","","","111 Silicon Valley Road","Frankfort","CA","31288","USA","","","","","","","","Employee","","0","","","","sally","seed_sally_id","2025-01-22 18:00","2026-10-05 18:00","1","1","0","","","","","","","Single user","","","",""
"Jeremy","Eustice","eaacd940-3160-471e-b0cd-1030a878a3aa","","President","","Nelson Inc","beans.kid@example.us","","(795) 609-0545","(472) 121-5522","(878) 383-6832","","","12 Long Ave","Sacramento","CA","27652","USA","","","","","","","","Email","","0","","","","sarah","seed_sarah_id","2024-03-22 11:45","2026-10-05 18:00","1","1","0","","","","","","","Single user","","","",""
"Juan","Pendergrass","eabfd9ae-3f22-4262-80af-6761d6cb96ca","","Senior Product Manager","","Draft Diversified Energy Inc","support.qa.sugar@example.co.jp","","(732) 245-6585","(431) 076-9522","(046) 430-6660","","","789 River Way","Austin","NY","57052","USA","","","","","","","","Self Generated","","0","","","","will","seed_will_id","2024-03-29 12:30","2026-10-05 18:00","1","1","0","","","","","","","Single user","","","",""
"Galen","Iorio","ebd231d1-f650-4bae-bc4e-409ff0c44995","","Director Sales","","A.D. Importing Company Inc","info32@example.it","","(956) 122-4575","(398) 698-8046","(004) 456-8631","","","25 King Street","San Mateo","CA","87878","USA","","","","","","","","Employee","","0","","","","sarah","seed_sarah_id","2022-06-16 15:45","2026-10-05 18:00","1","1","0","","","","","","","Single user","","","",""
"Dong","Coughlan","edf872fc-944c-4be0-a65b-2d89e782ff75","","Director Operations","","Cloud Cover Trust","phone77@example.com","","(803) 524-6669","(143) 024-6931","(576) 125-4830","","","10 Southwold Path","San Jose","CA","51291","USA","","","","","","","","Existing Customer","","0","","","","sally","seed_sally_id","2023-11-03 13:45","2026-10-05 18:00","1","1","0","","","","","","","Single user","","","",""
"Eloy","Ewen","ee9ee2dd-e72c-4593-8e71-fe5270c7bbaa","","Director Operations","","Arts & Crafts Inc","phone34@example.tv","","(040) 603-0367","(865) 057-9103","(107) 423-2428","","","9 IBM Path","Kansas City","CA","30865","USA","","","","","","","","Word of mouth","","0","","","","sarah","seed_sarah_id","2022-06-06 18:45","2026-10-05 18:00","1","1","0","","","","","","","Single user","","","",""
"Rogelio","Chilson","f121fbd9-2d4a-44dc-bcc7-4afe8c472e27","","Mgr Operations","","Gifted Holdings AG","vegan41@example.tw","","(970) 930-3597","(996) 574-7914","(911) 804-1755","","","999 Baker Way","Kansas City","CA","11024","USA","","","","","","","","Partner","","0","","","","sarah","seed_sarah_id","2024-09-15 11:15","2026-10-05 18:00","1","1","0","","","","","","","Single user","","","",""
"Sung","Hunziker","f12fa16e-09b8-4da5-8470-f79a697728bf","","President","","B.C. Investing International","vegan.im@example.org","","(822) 864-9628","(087) 165-0368","(484) 114-8463","","","25 King Street","Phoenix","CA","59018","USA","","","","","","","","Existing Customer","","0","","","","sally","seed_sally_id","2026-05-22 19:45","2026-10-05 18:00","1","1","0","","","","","","","Single user","","","",""
"Freida","Bruce","f2c42508-d3a9-44f7-918f-5d7450c50665","","IT Developer","","A.D. Importing Company Inc","dev.kid@example.co.uk","","(371) 339-4481","(835) 700-2626","(445) 061-1759","","","25 King Street","San Mateo","CA","87878","USA","","","","","","","","Cold Call","","0","","","","sarah","seed_sarah_id","2022-06-16 15:45","2026-10-05 18:00","1","1","0","","","","","","","Single user","","","",""
"Claudia","Plunkett","f33d0f0f-06f0-4a9c-9d4e-7891c3f9d798","","Director Sales","","Rubble Group Inc","vegan.kid@example.tw","","(842) 801-9233","(650) 632-5029","(851) 598-5319","","","23 Greenwood Ln","Kansas City","CA","11672","USA","","","","","","","","Public Relations","","0","","","","max","seed_max_id","2022-06-05 15:45","2026-10-05 18:00","1","1","0","","","","","","","Single user","","","",""
"Ervin","English","f37f7e4a-c4b6-4b0b-8667-7ba07b63dc01","","Senior Product Manager","","Draft Diversified Energy Inc","vegan98@example.name","","(954) 546-3226","(149) 429-7103","(098) 823-8248","","","789 River Way","Austin","NY","57052","USA","","","","","","","","Trade Show","","0","","","","will","seed_will_id","2024-03-29 12:30","2026-10-05 18:00","1","1","0","","","","","","","Single user","","","",""
"Jeri","Ollie","f3cfbd09-669a-4e9f-b693-0b3b530b0318","","President","","Avery Software Co","sales.vegan.kid@example.net","","(309) 874-8018","(898) 203-9433","(028) 662-2131","","","1715 Scott Dr","Austin","CA","44029","USA","","","","","","","","Partner","","0","","","","max","seed_max_id","2024-10-17 15:15","2026-10-05 18:00","1","1","0","","","","","","","Single user","","","",""
"Antonia","Cripps","f480baee-02b3-40e0-aa02-52f5a69487ca","","President","","First National S/B","qa.beans@example.org","","(786) 530-6451","(118) 378-5790","(246) 660-3193","","","777 West Filmore Ln","San Mateo","CA","56907","USA","","","","","","","","Direct Mail","","0","","","","sally","seed_sally_id","2023-11-21 19:15","2026-10-05 18:00","1","1","0","","","","","","","Single user","","","",""
"Mollie","Levesque","f7585272-4b5c-45f2-a764-90eb96d254f6","","Senior Product Manager","","Dirt Mining Ltd","qa39@example.biz","","(370) 427-0472","(811) 719-0654","(795) 103-3843","","","555 Maple Street.","Denver","NY","63371","USA","","","","","","","","Campaign","","0","","","","will","seed_will_id","2024-03-22 19:15","2026-10-05 18:00","1","1","0","","","","","","","Single user","","","",""
"Paris","Hara","f859cb56-83dd-4eb3-8b38-ec8130ef990f","","Senior Product Manager","","24/7 Couriers","phone50@example.info","","(304) 143-9343","(528) 965-2440","(489) 119-2552","","","4275 Elm Dr","San Jose","CA","68729","USA","","","","","","","","Conference","","0","","","","sarah","seed_sarah_id","2022-11-20 13:45","2026-10-05 18:00","1","1","0","","","","","","","Single user","","","",""
"Juanita","Filip","f8802bfe-f226-42d2-838d-b80f091abc09","","Senior Product Manager","","DD Furniture Inc","section.phone.kid@example.net","","(165) 312-8117","(394) 937-7147","(097) 582-0951","","","48920 San Carlos Ave","San Jose","CA","41455","USA","","","","","","","","Word of mouth","","0","","","","sally","seed_sally_id","2024-08-26 18:45","2026-10-05 18:00","1","1","0","","","","","","","Single user","","","",""
"Mack","Kapoor","fa9dd415-6063-43d6-a67a-9041d2ed9321","","VP Operations","","AtoZ Co Ltd","kid.sales@example.us","","(893) 329-6506","(609) 350-6123","(365) 215-7313","","","10 Southwold Path","Denver","CA","45097","USA","","","","","","","","Email","","0","","","","sarah","seed_sarah_id","2026-05-12 08:15","2026-10-05 18:00","1","1","0","","","","","","","Single user","","","",""
"Bill","Wren","fee40cc1-698e-4261-bbb4-1a978278d328","","Director Sales","","Aim Capital Inc","vegan.the@example.co.uk","","(594) 662-2449","(835) 994-5700","(451) 967-6821","","","789 River Way","Salt Lake City","CA","49336","USA","","","","","","","","","","0","","","","max","seed_max_id","2025-03-26 14:45","2026-10-05 18:00","1","1","0","","","","","","","Single user","","","",""
"Guadalupe","Moats","ff0514b8-ad31-450b-888e-1af41bd28aa4","","Director Operations","","B.H. Edwards Inc","qa.qa@example.de","","(134) 313-6155","(220) 840-7904","(869) 605-2675","","","48920 San Carlos Ave","Kansas City","CA","64573","USA","","","","","","","","Public Relations","","0","","","","sally","seed_sally_id","2025-07-28 13:45","2026-10-05 18:00","1","1","0","","","","","","","Single user","","","",""
