"Opportunity Name","ID","Opportunity Amount","Currency","Expected Close Date","Sales Stage","Probability (%)","Next Step","Type","Account Name","Description","Amount","Lead Source","campaign_id","Assigned to","Assigned User","Date Created","Date Modified","Created By","Modified By","Deleted","Longitude","Latitude","Geocode Status","Address"
"24/7 Couriers - 1000 units","ac20b99b-57c6-421e-8973-5ee5efbe320d","$10,000.00","'-99","2023-10-11","Closed Won","100","","New Business","24/7 Couriers","","$10,000.00","Direct Mail","","sarah","seed_sarah_id","2024-08-03 15:15","2026-10-05 18:00","1","1","0","","","",""
"24/7 Couriers - 10000 units","3ce337a4-2dbe-4773-a84a-60d7f7f8a011","$100,000.00","'-99","2022-09-23","Closed Lost","0","","New Business","24/7 Couriers","","$100,000.00","Direct Mail","","sarah","seed_sarah_id","2022-05-19 07:15","2026-10-05 18:00","1","1","0","","","",""
"24/7 Couriers - 5000 units","639ea544-f029-462c-8b85-2c2b0f93e420","$50,000.00","'-99","2027-06-16","Qualification","20","","Existing Business","24/7 Couriers","","$50,000.00","Existing Customer","","sarah","seed_sarah_id","2026-05-21 11:15","2026-10-05 18:00","1","1","0","","","",""
"360 Vacations - 1000 units","779c07fd-2fbc-4f1f-b262-9c398c187140","$10,000.00","'-99","2027-02-18","Negotiation/Review","80","","","360 Vacations","","$10,000.00","Self Generated","","sarah","seed_sarah_id","2025-09-12 17:00","2026-10-05 18:00","1","1","0","","","",""
"360 Vacations - 2500 units","aa1514e4-2e08-48b4-ad50-c833e717d1d7","$25,000.00","'-99","2026-12-19","Identifying Decision Makers","40","","New Business","360 Vacations","","$25,000.00","Public Relations","","sarah","seed_sarah_id","2026-04-15 16:45","2026-10-05 18:00","1","1","0","","","",""
"5D Investments - 500 units","ab697b81-2a68-4ae0-846d-c63c37645759","$5,000.00","'-99","2027-05-30","Identifying Decision Makers","40","","Existing Business","5D Investments","","$5,000.00","Direct Mail","","chris","seed_chris_id","2026-02-09 12:45","2026-10-05 18:00","1","1","0","","","",""
"5D Investments - 7500 units","d46cba96-dd5c-4c35-b688-4f138fcd4dc1","$75,000.00","'-99","2024-02-22","Closed Won","100","","Existing Business","5D Investments","","$75,000.00","Existing Customer","","chris","seed_chris_id","2024-04-04 11:00","2026-10-05 18:00","1","1","0","","","",""
"A.D. Importing Company Inc - 1000 units","2999a8e2-6046-46da-9cbb-548e2e094d60","$10,000.00","'-99","2022-05-22","Closed Lost","0","","New Business","A.D. Importing Company Inc","","$10,000.00","Campaign","","sarah","seed_sarah_id","2022-06-29 12:00","2026-10-05 18:00","1","1","0","","","",""
"A.D. Importing Company Inc - 2500 units","e3705908-2af1-4522-a733-20e43d43c460","$25,000.00","'-99","2026-12-16","Negotiation/Review","80","","New Business","A.D. Importing Company Inc","","$25,000.00","Self Generated","","sarah","seed_sarah_id","2025-12-30 15:00","2026-10-05 18:00","1","1","0","","","",""
"A.D. Importing Company Inc - 5000 units","d27f65d8-c239-418d-9e5a-28e237217afb","$50,000.00","'-99","2024-06-27","Closed Won","100","","Existing Business","A.D. Importing Company Inc","","$50,000.00","","","sarah","seed_sarah_id","2024-01-03 11:30","2026-10-05 18:00","1","1","0","","","",""
"A.G. Parr PLC - 10000 units","70b97130-bc05-42a2-a641-eea2098e128b","$100,000.00","'-99","2026-12-09","Value Proposition","30","","","A.G. Parr PLC","","$100,000.00","Other","","will","seed_will_id","2025-11-30 19:30","2026-10-05 18:00","1","1","0","","","",""
"A.G. Parr PLC - 500 units","37244e61-b518-4593-bb8d-a63bcde438c2","$5,000.00","'-99","2025-01-24","Closed Won","100","","New Business","A.G. Parr PLC","","$5,000.00","","","will","seed_will_id","2025-06-28 18:45","2026-10-05 18:00","1","1","0","","","",""
"AB Drivers Limited - 2500 units","1bc33934-bb99-4cf2-a565-dc74fc4ada17","$25,000.00","'-99","2027-01-30","Negotiation/Review","80","","","AB Drivers Limited","","$25,000.00","Conference","","sarah","seed_sarah_id","2025-07-12 16:15","2026-10-05 18:00","1","1","0","","","",""
"AB Drivers Limited - 5000 units","10832ae2-a416-46b9-b1cc-43bcfc2207e6","$50,000.00","'-99","2027-01-28","Negotiation/Review","80","","","AB Drivers Limited","","$50,000.00","Campaign","","sarah","seed_sarah_id","2026-01-13 16:30","2026-10-05 18:00","1","1","0","","","",""
"Aim Capital Inc - 7500 units","4cad4acc-29dd-4eb8-9bfe-4aa5519e67ed","$75,000.00","'-99","2027-02-03","Negotiation/Review","80","","Existing Business","Aim Capital Inc","","$75,000.00","Email","","max","seed_max_id","2025-11-13 16:45","2026-10-05 18:00","1","1","0","","","",""
"Aim Capital Inc - 7500 units","d6aca012-332c-4bea-ab52-0f539691c192","$75,000.00","'-99","2027-04-06","Proposal/Price Quote","65","","","Aim Capital Inc","","$75,000.00","Web Site","","max","seed_max_id","2023-11-02 07:15","2026-10-05 18:00","1","1","0","","","",""
"Air Safety Inc - 1000 units","eb744893-db99-446e-80b1-fd8696670050","$10,000.00","'-99","2026-12-24","Negotiation/Review","80","","Existing Business","Air Safety Inc","","$10,000.00","Other","","sally","seed_sally_id","2024-05-07 11:30","2026-10-05 18:00","1","1","0","","","",""
"Air Safety Inc - 2500 units","22b3ab3f-fc1b-42c6-a28e-89d580554118","$25,000.00","'-99","2022-10-04","Closed Lost","0","","","Air Safety Inc","","$25,000.00","Existing Customer","","sally","seed_sally_id","2022-06-13 19:30","2026-10-05 18:00","1","1","0","","","",""
"Air Safety Inc - 500 units","098a9158-79e6-4046-b382-261b85dce029","$5,000.00","'-99","2025-10-20","Closed Lost","0","","Existing Business","Air Safety Inc","","$5,000.00","Web Site","","sally","seed_sally_id","2026-04-14 19:30","2026-10-05 18:00","1","1","0","","","",""
"Airline Maintenance Co - 2500 units","6cca2a79-1185-43e9-a7a4-dd3d0518751c","$25,000.00","'-99","2022-08-19","Closed Won","100","","Existing Business","Airline Maintenance Co","","$25,000.00","Campaign","","will","seed_will_id","2022-07-27 14:15","2026-10-05 18:00","1","1","0","","","",""
"Airline Maintenance Co - 2500 units","b0a769c6-cc3d-436a-98a2-8a5e3a932db4","$25,000.00","'-99","2027-02-24","Negotiation/Review","80","","Existing Business","Airline Maintenance Co","","$25,000.00","Employee","","will","seed_will_id","2023-11-25 19:00","2026-10-05 18:00","1","1","0","","","",""
"Airline Maintenance Co - 5000 units","81bfaeef-c26d-46b7-a091-3c290f5e55b9","$50,000.00","'-99","2027-07-31","Negotiation/Review","80","","New Business","Airline Maintenance Co","","$50,000.00","Web Site","","will","seed_will_id","2026-01-17 16:30","2026-10-05 18:00","1","1","0","","","",""
"Anytime Air Support Inc - 1000 units","02cc6f2f-f356-4abb-879a-7f08690df19c","$10,000.00","'-99","2026-11-24","Prospecting","10","","New Business","Anytime Air Support Inc","","$10,000.00","Web Site","","sally","seed_sally_id","2026-05-01 16:30","2026-10-05 18:00","1","1","0","","","",""
"Anytime Air Support Inc - 1000 units","1d312b0a-1b09-49ec-a682-0975754de7d7","$10,000.00","'-99","2021-10-27","Closed Lost","0","","New Business","Anytime Air Support Inc","","$10,000.00","Word of mouth","","sally","seed_sally_id","2022-04-27 06:30","2026-10-05 18:00","1","1","0","","","",""
"Anytime Air Support Inc - 7500 units","ee60fbed-7484-4def-ab52-ecca4e015f4b","$75,000.00","'-99","2024-08-12","Closed Won","100","","Existing Business","Anytime Air Support Inc","","$75,000.00","Existing Customer","","sally","seed_sally_id","2024-07-21 16:15","2026-10-05 18:00","1","1","0","","","",""
"Arts & Crafts Inc - 10000 units","ae4acd8d-8fc8-4d19-a5dd-a3f8d1825194","$100,000.00","'-99","2027-05-06","Value Proposition","30","","","Arts & Crafts Inc","","$100,000.00","Employee","","sarah","seed_sarah_id","2026-03-10 07:30","2026-10-05 18:00","1","1","0","","","",""
"Arts & Crafts Inc - 5000 units","370fe620-2129-42a1-839f-42ff978eb02d","$50,000.00","'-99","2022-06-09","Closed Won","100","","Existing Business","Arts & Crafts Inc","","$50,000.00","Existing Customer","","sarah","seed_sarah_id","2022-05-12 19:30","2026-10-05 18:00","1","1","0","","","",""
"Arts & Crafts Inc - 5000 units","bfe026c9-13c9-475c-adc9-6677cabd229b","$50,000.00","'-99","2027-05-17","Negotiation/Review","80","","","Arts & Crafts Inc","","$50,000.00","Direct Mail","","sarah","seed_sarah_id","2024-07-26 10:45","2026-10-05 18:00","1","1","0","","","",""
"AtoZ Co Ltd - 2500 units","876e39a0-6bec-48a0-8f24-7a837f8d9d0c","$25,000.00","'-99","2026-01-31","Closed Lost","0","","","AtoZ Co Ltd","","$25,000.00","Web Site","","sarah","seed_sarah_id","2026-01-17 08:30","2026-10-05 18:00","1","1","0","","","",""
"Avery Software Co - 1000 units","c1b3a558-4c33-4bf3-831d-bbc83d2a3648","$10,000.00","'-99","2024-09-10","Closed Won","100","","New Business","Avery Software Co","","$10,000.00","Trade Show","","max","seed_max_id","2024-04-21 14:45","2026-10-05 18:00","1","1","0","","","",""
"Avery Software Co - 2500 units","6dfba609-2fd1-401e-a3e1-d897863a2b42","$25,000.00","'-99","2026-09-03","Closed Won","100","","","Avery Software Co","","$25,000.00","","","max","seed_max_id","2026-05-09 19:45","2026-10-05 18:00","1","1","0","","","",""
"B.C. Investing International - 10000 units","8e452db4-af2a-4abb-8014-017ae352feaa","$100,000.00","'-99","2026-09-22","Closed Won","100","","","B.C. Investing International","","$100,000.00","Direct Mail","","sally","seed_sally_id","2026-09-09 19:45","2026-10-05 18:00","1","1","0","","","",""
"B.H. Edwards Inc - 2500 units","dbf50dcc-83b6-45d2-ac58-aa0fb2a18e81","$25,000.00","'-99","2027-07-16","Proposal/Price Quote","65","","","B.H. Edwards Inc","","$25,000.00","Partner","","sally","seed_sally_id","2026-08-25 19:00","2026-10-05 18:00","1","1","0","","","",""
"B.H. Edwards Inc - 5000 units","5c6c9777-9236-45a8-8a09-484b9b68be4f","$50,000.00","'-99","2025-03-03","Closed Won","100","","Existing Business","B.H. Edwards Inc","","$50,000.00","Email","","sally","seed_sally_id","2025-03-21 06:00","2026-10-05 18:00","1","1","0","","","",""
"Bay Funding Co - 500 units","55e36765-77b9-4f24-876d-40e287dc4d3e","$5,000.00","'-99","2027-09-25","Value Proposition","30","","New Business","Bay Funding Co","","$5,000.00","Other","","chris","seed_chris_id","2026-02-19 19:30","2026-10-05 18:00","1","1","0","","","",""
"Bay Funding Co - 5000 units","097d3d85-eca4-4003-86e9-55a46d0e6969","$50,000.00","'-99","2026-11-15","Proposal/Price Quote","65","","New Business","Bay Funding Co","","$50,000.00","Email","","chris","seed_chris_id","2024-10-13 11:30","2026-10-05 18:00","1","1","0","","","",""
"Calm Sailing Inc - 2500 units","b60b2760-0c4c-43a0-ac1c-22beb6f1a119","$25,000.00","'-99","2026-12-18","Proposal/Price Quote","65","","New Business","Calm Sailing Inc","","$25,000.00","Employee","","max","seed_max_id","2025-08-16 14:30","2026-10-05 18:00","1","1","0","","","",""
"Calm Sailing Inc - 7500 units","eb10ccfc-50df-4244-84c8-8ea40c3fee61","$75,000.00","'-99","2027-02-19","Negotiation/Review","80","","New Business","Calm Sailing Inc","","$75,000.00","Web Site","","max","seed_max_id","2026-06-17 17:30","2026-10-05 18:00","1","1","0","","","",""
"Chandler Logistics Inc - 10000 units","76548adf-15cd-4d36-a932-e737b8b9b273","$100,000.00","'-99","2027-09-29","Identifying Decision Makers","40","","","Chandler Logistics Inc","","$100,000.00","Campaign","","chris","seed_chris_id","2026-02-01 13:00","2026-10-05 18:00","1","1","0","","","",""
"Chandler Logistics Inc - 10000 units","ec93aea5-5356-4de7-bc83-be84dccf177d","$100,000.00","'-99","2022-07-01","Closed Won","100","","","Chandler Logistics Inc","","$100,000.00","Other","","chris","seed_chris_id","2022-02-07 07:45","2026-10-05 18:00","1","1","0","","","",""
"Chandler Logistics Inc - 7500 units","d23c6ba4-b4d9-4a8a-b1e0-5eff278d707e","$75,000.00","'-99","2024-04-20","Closed Won","100","","New Business","Chandler Logistics Inc","","$75,000.00","Other","","chris","seed_chris_id","2024-05-10 12:15","2026-10-05 18:00","1","1","0","","","",""
"Cloud Cover Trust - 1000 units","81bfc5a6-8677-465f-b127-f8efe7306e2a","$10,000.00","'-99","2026-07-06","Closed Won","100","","","Cloud Cover Trust","","$10,000.00","Self Generated","","sally","seed_sally_id","2026-07-18 06:00","2026-10-05 18:00","1","1","0","","","",""
"Cloud Cover Trust - 500 units","ba9676b6-6dfd-4e86-962b-8079e8d0dff5","$5,000.00","'-99","2023-12-27","Closed Won","100","","New Business","Cloud Cover Trust","","$5,000.00","Trade Show","","sally","seed_sally_id","2024-07-07 07:15","2026-10-05 18:00","1","1","0","","","",""
"Complete Holding - 1000 units","38d79a1f-c459-49e5-a5d0-40983142246b","$10,000.00","'-99","2026-02-06","Closed Won","100","","","Complete Holding","","$10,000.00","Word of mouth","","sally","seed_sally_id","2026-06-12 13:30","2026-10-05 18:00","1","1","0","","","",""
"Complete Holding - 7500 units","156f6f68-537d-4d89-9f82-3ac59dda12bf","$75,000.00","'-99","2027-04-01","Negotiation/Review","80","","New Business","Complete Holding","","$75,000.00","Public Relations","","sally","seed_sally_id","2023-11-07 15:30","2026-10-05 18:00","1","1","0","","","",""
"Constrata Trust LLC - 1000 units","2c86694a-836c-4e31-90e9-a4700668f2c3","$10,000.00","'-99","2022-09-07","Closed Won","100","","New Business","Constrata Trust LLC","","$10,000.00","Partner","","will","seed_will_id","2022-10-04 14:45","2026-10-05 18:00","1","1","0","","","",""
"Constrata Trust LLC - 10000 units","e06a862b-0dd8-4a32-ae2f-85170cad1dd0","$100,000.00","'-99","2025-11-24","Closed Won","100","","Existing Business","Constrata Trust LLC","","$100,000.00","Public Relations","","will","seed_will_id","2026-06-19 10:00","2026-10-05 18:00","1","1","0","","","",""
"Constrata Trust LLC - 5000 units","aa7e5d0d-f938-4759-a70c-c92470487a5b","$50,000.00","'-99","2027-06-09","Proposal/Price Quote","65","","Existing Business","Constrata Trust LLC","","$50,000.00","Public Relations","","will","seed_will_id","2024-08-06 07:00","2026-10-05 18:00","1","1","0","","","",""
"Coolview Net Ltd - 2500 units","e1766181-77df-4f2b-bcb2-83333e9dc666","$25,000.00","'-99","2022-06-03","Closed Won","100","","","Coolview Net Ltd","","$25,000.00","Campaign","","chris","seed_chris_id","2022-07-25 12:30","2026-10-05 18:00","1","1","0","","","",""
"Coolview Net Ltd - 500 units","7bcfd48d-c830-442f-9a13-1f0dab7df983","$5,000.00","'-99","2027-04-21","Proposal/Price Quote","65","","Existing Business","Coolview Net Ltd","","$5,000.00","Partner","","chris","seed_chris_id","2023-10-13 11:00","2026-10-05 18:00","1","1","0","","","",""
"Coolview Net Ltd - 5000 units","1ee45ca0-3861-4489-bfbc-8c7caa76f269","$50,000.00","'-99","2025-10-18","Closed Won","100","","","Coolview Net Ltd","","$50,000.00","Public Relations","","chris","seed_chris_id","2026-07-17 06:30","2026-10-05 18:00","1","1","0","","","",""
"Cumberland Trails Inc - 10000 units","d5540b50-9429-4a56-bf6b-3ffe0b5f5fa8","$100,000.00","'-99","2024-02-24","Closed Won","100","","New Business","Cumberland Trails Inc","","$100,000.00","Conference","","max","seed_max_id","2023-12-06 06:15","2026-10-05 18:00","1","1","0","","","",""
"Cumberland Trails Inc - 2500 units","3491070c-02be-4106-8a43-b009ede5c3cc","$25,000.00","'-99","2027-08-20","Identifying Decision Makers","40","","Existing Business","Cumberland Trails Inc","","$25,000.00","Web Site","","max","seed_max_id","2026-09-21 10:00","2026-10-05 18:00","1","1","0","","","",""
"Cumberland Trails Inc - 5000 units","5fb1fa71-7649-455b-9d8a-a7d4af4ce24a","$50,000.00","'-99","2022-04-22","Closed Won","100","","New Business","Cumberland Trails Inc","","$50,000.00","Conference","","max","seed_max_id","2022-03-11 16:45","2026-10-05 18:00","1","1","0","","","",""
"Davenport Investing - 1000 units","6fe6934d-374e-4e3f-ae38-776490c18654","$10,000.00","'-99","2027-03-20","Negotiation/Review","80","","","Davenport Investing","","$10,000.00","Existing Customer","","sally","seed_sally_id","2024-01-28 08:30","2026-10-05 18:00","1","1","0","","","",""
"Davenport Investing - 2500 units","72acc3bd-e7fa-4b2a-958d-2cbef199fee9","$25,000.00","'-99","2026-09-18","Closed Lost","0","","New Business","Davenport Investing","","$25,000.00","Conference","","sally","seed_sally_id","2026-07-31 13:15","2026-10-05 18:00","1","1","0","","","",""
"Davenport Investing - 7500 units","37389412-8a87-4503-ba88-2ef914235da6","$75,000.00","'-99","2022-09-10","Closed Won","100","","","Davenport Investing","","$75,000.00","Self Generated","","sally","seed_sally_id","2022-06-29 14:30","2026-10-05 18:00","1","1","0","","","",""
"DD Furniture Inc - 1000 units","2654cfb6-a742-4ee8-93e0-ebd8baf16285","$10,000.00","'-99","2026-02-23","Closed Lost","0","","Existing Business","DD Furniture Inc","","$10,000.00","Other","","sally","seed_sally_id","2026-01-07 12:45","2026-10-05 18:00","1","1","0","","","",""
"DD Furniture Inc - 5000 units","621fcb0d-6108-4287-b4b9-0d25228217f8","$50,000.00","'-99","2027-06-11","Negotiation/Review","80","","New Business","DD Furniture Inc","","$50,000.00","Email","","sally","seed_sally_id","2024-06-25 11:00","2026-10-05 18:00","1","1","0","","","",""
"Dirt Mining Ltd - 500 units","a7b4ca78-1d2c-46b5-b1b7-67e05a23e179","$5,000.00","'-99","2027-06-07","Needs Analysis","25","","","Dirt Mining Ltd","","$5,000.00","Conference","","will","seed_will_id","2025-12-31 13:15","2026-10-05 18:00","1","1","0","","","",""
"Dirt Mining Ltd - 5000 units","a365c97b-feac-4629-a221-89cbb1891e30","$50,000.00","'-99","2026-11-24","Proposal/Price Quote","65","","Existing Business","Dirt Mining Ltd","","$50,000.00","Word of mouth","","will","seed_will_id","2023-11-14 19:15","2026-10-05 18:00","1","1","0","","","",""
"Draft Diversified Energy Inc - 5000 units","0af9cccb-397f-4d91-9573-61121941e26e","$50,000.00","'-99","2027-04-02","Negotiation/Review","80","","Existing Business","Draft Diversified Energy Inc","","$50,000.00","Word of mouth","","will","seed_will_id","2024-05-21 19:30","2026-10-05 18:00","1","1","0","","","",""
"Draft Diversified Energy Inc - 7500 units","5b1eeb29-3e7e-466a-a931-a724472a2e19","$75,000.00","'-99","2027-01-30","Negotiation/Review","80","","","Draft Diversified Energy Inc","","$75,000.00","Self Generated","","will","seed_will_id","2026-07-13 17:45","2026-10-05 18:00","1","1","0","","","",""
"First National S/B - 500 units","6266e760-160d-476e-9545-cf531191b35d","$5,000.00","'-99","2026-05-31","Closed Won","100","","","First National S/B","","$5,000.00","Web Site","","sally","seed_sally_id","2026-05-05 19:00","2026-10-05 18:00","1","1","0","","","",""
"First National S/B - 500 units","a5e2885f-5459-4271-8811-11d5858e8d71","$5,000.00","'-99","2026-11-22","Proposal/Price Quote","65","","","First National S/B","","$5,000.00","Employee","","sally","seed_sally_id","2023-11-02 17:45","2026-10-05 18:00","1","1","0","","","",""
"Gifted Holdings AG - 1000 units","0de89a91-848e-4cc3-95a8-baf956e00f57","$10,000.00","'-99","2027-09-30","Perception Analysis","50","","Existing Business","Gifted Holdings AG","","$10,000.00","Campaign","","sarah","seed_sarah_id","2026-08-17 12:15","2026-10-05 18:00","1","1","0","","","",""
"Gifted Holdings AG - 5000 units","f3dda271-5bba-411c-979d-b19ee683a165","$50,000.00","'-99","2023-11-21","Closed Won","100","","","Gifted Holdings AG","","$50,000.00","Public Relations","","sarah","seed_sarah_id","2024-05-11 17:15","2026-10-05 18:00","1","1","0","","","",""
"Green Tractor Group Limited - 10000 units","8af62275-d21f-40f3-a81c-8efe4556eef3","$100,000.00","'-99","2027-06-27","Needs Analysis","25","","","Green Tractor Group Limited","","$100,000.00","Web Site","","chris","seed_chris_id","2026-05-14 13:15","2026-10-05 18:00","1","1","0","","","",""
"Green Tractor Group Limited - 5000 units","01df6942-1315-4419-a445-4cac56bbab31","$50,000.00","'-99","2025-06-09","Closed Won","100","","New Business","Green Tractor Group Limited","","$50,000.00","Employee","","chris","seed_chris_id","2025-06-30 11:30","2026-10-05 18:00","1","1","0","","","",""
"Grow-Fast Inc - 10000 units","69489f32-4469-41d3-8179-d8e8aa0e4fd4","$100,000.00","'-99","2022-08-06","Closed Lost","0","","New Business","Grow-Fast Inc","","$100,000.00","Self Generated","","max","seed_max_id","2022-01-29 13:15","2026-10-05 18:00","1","1","0","","","",""
"Grow-Fast Inc - 500 units","1df2cd15-0954-41e7-b111-8eeadd95679c","$5,000.00","'-99","2027-04-14","Proposal/Price Quote","65","","Existing Business","Grow-Fast Inc","","$5,000.00","Word of mouth","","max","seed_max_id","2024-07-14 14:00","2026-10-05 18:00","1","1","0","","","",""
"Grow-Fast Inc - 7500 units","154ef6fa-328d-4019-af9e-3a53c3470601","$75,000.00","'-99","2027-02-23","Prospecting","10","","Existing Business","Grow-Fast Inc","","$75,000.00","Other","","max","seed_max_id","2026-03-10 11:30","2026-10-05 18:00","1","1","0","","","",""
"Hammer Group Inc - 500 units","e6f746a0-443f-4e31-9e02-f68bf2e885ae","$5,000.00","'-99","2026-09-09","Closed Won","100","","","Hammer Group Inc","","$5,000.00","Web Site","","chris","seed_chris_id","2026-02-22 17:45","2026-10-05 18:00","1","1","0","","","",""
"Hammer Group Inc - 500 units","fe58f870-bedf-492b-b447-6c5a9f8437b5","$5,000.00","'-99","2024-05-07","Closed Won","100","","New Business","Hammer Group Inc","","$5,000.00","Web Site","","chris","seed_chris_id","2024-06-13 18:45","2026-10-05 18:00","1","1","0","","","",""
"Hollywood Diner Ltd - 2500 units","5ad507a4-eb0c-4d04-af55-27150ae7333a","$25,000.00","'-99","2022-07-23","Closed Lost","0","","Existing Business","Hollywood Diner Ltd","","$25,000.00","Word of mouth","","max","seed_max_id","2022-08-16 08:00","2026-10-05 18:00","1","1","0","","","",""
"Hollywood Diner Ltd - 500 units","1a336c1f-41b6-447c-90ec-1396b1e16b7b","$5,000.00","'-99","2026-10-24","Proposal/Price Quote","65","","Existing Business","Hollywood Diner Ltd","","$5,000.00","Self Generated","","max","seed_max_id","2023-10-28 18:00","2026-10-05 18:00","1","1","0","","","",""
"Hollywood Diner Ltd - 7500 units","c8179d2f-0f11-467f-9b54-5cb9a36d199f","$75,000.00","'-99","2027-02-21","Identifying Decision Makers","40","","New Business","Hollywood Diner Ltd","","$75,000.00","Partner","","max","seed_max_id","2026-06-04 17:15","2026-10-05 18:00","1","1","0","","","",""
"Income Free Investing LP - 2500 units","ce45c833-c47f-4ee4-8e13-22bdf15bfe33","$25,000.00","'-99","2027-09-21","Proposal/Price Quote","65","","Existing Business","Income Free Investing LP","","$25,000.00","Self Generated","","max","seed_max_id","2024-05-14 07:45","2026-10-05 18:00","1","1","0","","","",""
"Income Free Investing LP - 500 units","5dac41a2-c36e-4e6e-8db6-69e998a7d80d","$5,000.00","'-99","2027-04-21","Negotiation/Review","80","","Existing Business","Income Free Investing LP","","$5,000.00","Campaign","","max","seed_max_id","2025-10-31 19:15","2026-10-05 18:00","1","1","0","","","",""
"Ink Conglomerate Inc - 1000 units","82466f9e-1f84-49a9-be6a-0f4768c20799","$10,000.00","'-99","2026-10-23","Needs Analysis","25","","New Business","Ink Conglomerate Inc","","$10,000.00","Trade Show","","sarah","seed_sarah_id","2026-01-05 12:00","2026-10-05 18:00","1","1","0","","","",""
"Ink Conglomerate Inc - 7500 units","88e15201-7ee6-46d7-8f1d-ad4c3ee17317","$75,000.00","'-99","2024-10-05","Closed Won","100","","New Business","Ink Conglomerate Inc","","$75,000.00","Direct Mail","","sarah","seed_sarah_id","2024-09-14 19:15","2026-10-05 18:00","1","1","0","","","",""
"Insight Marketing Inc - 10000 units","3e752b0f-25ea-442f-8fa6-4cfcced45d49","$100,000.00","'-99","2026-10-22","Value Proposition","30","","New Business","Insight Marketing Inc","","$100,000.00","Conference","","sally","seed_sally_id","2026-08-15 14:00","2026-10-05 18:00","1","1","0","","","",""
"Insight Marketing Inc - 5000 units","5f367f15-113b-48be-bcca-261e1045360a","$50,000.00","'-99","2021-12-21","Closed Lost","0","","New Business","Insight Marketing Inc","","$50,000.00","Web Site","","sally","seed_sally_id","2022-06-04 19:00","2026-10-05 18:00","1","1","0","","","",""
"Insight Marketing Inc - 7500 units","7bed0fcf-881b-4e24-9222-0d56465b28a0","$75,000.00","'-99","2024-01-09","Closed Won","100","","","Insight Marketing Inc","","$75,000.00","Partner","","sally","seed_sally_id","2024-02-27 17:30","2026-10-05 18:00","1","1","0","","","",""
"International Art Inc - 5000 units","09e401d2-4857-432d-9b75-0ca168159b40","$50,000.00","'-99","2027-10-01","Proposal/Price Quote","65","","New Business","International Art Inc","","$50,000.00","Email","","chris","seed_chris_id","2024-01-17 13:15","2026-10-05 18:00","1","1","0","","","",""
"International Art Inc - 5000 units","9d8f877b-cec4-4d24-87c5-eb0b09352715","$50,000.00","'-99","2026-12-02","Value Proposition","30","","","International Art Inc","","$50,000.00","Word of mouth","","chris","seed_chris_id","2026-08-07 16:00","2026-10-05 18:00","1","1","0","","","",""
"J.K.M. Corp (HA) - 1000 units","31d0494a-4c39-4371-a0f8-dd0455c10ddc","$10,000.00","'-99","2024-07-28","Closed Won","100","","Existing Business","J.K.M. Corp (HA)","","$10,000.00","Employee","","sarah","seed_sarah_id","2023-10-30 12:00","2026-10-05 18:00","1","1","0","","","",""
"J.K.M. Corp (HA) - 10000 units","579366b2-12f6-42d9-807f-9d2e028e65d7","$100,000.00","'-99","2021-12-29","Closed Lost","0","","","J.K.M. Corp (HA)","","$100,000.00","Campaign","","sarah","seed_sarah_id","2022-04-12 06:30","2026-10-05 18:00","1","1","0","","","",""
"J.K.M. Corp (HA) - 7500 units","80505ef1-6f03-43dc-95d7-38f16d49b271","$75,000.00","'-99","2026-11-21","Perception Analysis","50","","","J.K.M. Corp (HA)","","$75,000.00","Word of mouth","","sarah","seed_sarah_id","2026-05-20 19:30","2026-10-05 18:00","1","1","0","","","",""
"JAB Funds Ltd. - 500 units","cd64525b-e25d-4ed5-9f64-4b9df2a78003","$5,000.00","'-99","2026-12-21","Negotiation/Review","80","","Existing Business","JAB Funds Ltd.","","$5,000.00","","","chris","seed_chris_id","2026-02-01 10:30","2026-10-05 18:00","1","1","0","","","",""
"JAB Funds Ltd. - 7500 units","c8a12b39-b529-4c60-8e33-0b9d23cf79c1","$75,000.00","'-99","2027-06-29","Proposal/Price Quote","65","","","JAB Funds Ltd.","","$75,000.00","Campaign","","chris","seed_chris_id","2024-10-08 14:45","2026-10-05 18:00","1","1","0","","","",""
"JBC Banking Inc - 10000 units","b49e84dc-1976-4f69-b96d-5da38fc5eb0e","$100,000.00","'-99","2022-07-14","Closed Won","100","","New Business","JBC Banking Inc","","$100,000.00","Self Generated","","max","seed_max_id","2022-05-14 12:00","2026-10-05 18:00","1","1","0","","","",""
"JBC Banking Inc - 500 units","42a653d6-a044-42c8-a14c-f7d0a16ca6c9","$5,000.00","'-99","2027-03-10","Negotiation/Review","80","","Existing Business","JBC Banking Inc","","$5,000.00","Conference","","max","seed_max_id","2024-01-13 11:15","2026-10-05 18:00","1","1","0","","","",""
"JBC Banking Inc - 7500 units","28cd98b4-40df-4b15-8c92-b9b4ce7c7eee","$75,000.00","'-99","2027-09-11","Proposal/Price Quote","65","","","JBC Banking Inc","","$75,000.00","Self Generated","","max","seed_max_id","2026-09-25 07:30","2026-10-05 18:00","1","1","0","","","",""
"JJ Resources Inc - 10000 units","8f923396-d37e-4030-8740-8bc4e4144f30","$100,000.00","'-99","2024-09-09","Closed Won","100","","","JJ Resources Inc","","$100,000.00","Campaign","","max","seed_max_id","2024-09-13 10:45","2026-10-05 18:00","1","1","0","","","",""
"JJ Resources Inc - 2500 units","dbe3998e-aed5-40dc-8a96-933cd70cc6f4","$25,000.00","'-99","2027-09-14","Needs Analysis","25","","Existing Business","JJ Resources Inc","","$25,000.00","Word of mouth","","max","seed_max_id","2025-10-27 10:15","2026-10-05 18:00","1","1","0","","","",""
"Jungle Systems Inc - 7500 units","71fe6ae3-cc8f-4c41-9def-20a282661b9d","$75,000.00","'-99","2027-02-14","Prospecting","10","","","Jungle Systems Inc","","$75,000.00","","","chris","seed_chris_id","2026-06-24 17:30","2026-10-05 18:00","1","1","0","","","",""
"Jungle Systems Inc - 7500 units","a16cb416-8bce-4fd2-8155-ab4097bc0d7a","$75,000.00","'-99","2027-06-04","Proposal/Price Quote","65","","Existing Business","Jungle Systems Inc","","$75,000.00","Trade Show","","chris","seed_chris_id","2024-09-29 13:45","2026-10-05 18:00","1","1","0","","","",""
"Kaos Trading Ltd - 500 units","4d961a48-0b8b-4e96-bc70-552972f4a03f","$5,000.00","'-99","2026-12-22","Proposal/Price Quote","65","","Existing Business","Kaos Trading Ltd","","$5,000.00","Self Generated","","max","seed_max_id","2024-02-14 06:30","2026-10-05 18:00","1","1","0","","","",""
"Kaos Trading Ltd - 500 units","ebb92711-5b1d-405e-bf4a-60f6a7050250","$5,000.00","'-99","2026-10-31","Negotiation/Review","80","","","Kaos Trading Ltd","","$5,000.00","Word of mouth","","max","seed_max_id","2026-10-02 12:45","2026-10-05 18:00","1","1","0","","","",""
"Kings Royalty Trust - 10000 units","c12dea3a-24c3-45db-b98e-e188ec11b872","$100,000.00","'-99","2022-05-08","Closed Won","100","","Existing Business","Kings Royalty Trust","","$100,000.00","Trade Show","","will","seed_will_id","2022-09-23 14:00","2026-10-05 18:00","1","1","0","","","",""
"Kings Royalty Trust - 500 units","7065c7fc-2ce4-4440-9665-36203d1186a2","$5,000.00","'-99","2026-09-01","Closed Lost","0","","New Business","Kings Royalty Trust","","$5,000.00","Existing Customer","","will","seed_will_id","2025-10-18 19:15","2026-10-05 18:00","1","1","0","","","",""
"Kings Royalty Trust - 7500 units","67eb3b25-d169-4868-9469-75874d746529","$75,000.00","'-99","2024-09-30","Closed Won","100","","New Business","Kings Royalty Trust","","$75,000.00","Trade Show","","will","seed_will_id","2023-10-08 09:45","2026-10-05 18:00","1","1","0","","","",""
"Kringle Bell IncK.A. Tower & Co - 1000 units","03265de8-7271-4fcd-9b4f-88bc200521df","$10,000.00","'-99","2027-04-08","Negotiation/Review","80","","","Kringle Bell IncK.A. Tower & Co","","$10,000.00","Self Generated","","max","seed_max_id","2025-09-07 14:45","2026-10-05 18:00","1","1","0","","","",""
"Kringle Bell IncK.A. Tower & Co - 500 units","60bc2e96-069d-4d44-ab0b-5fe0e2582677","$5,000.00","'-99","2027-06-08","Identifying Decision Makers","40","","","Kringle Bell IncK.A. Tower & Co","","$5,000.00","Word of mouth","","max","seed_max_id","2026-03-31 11:45","2026-10-05 18:00","1","1","0","","","",""
"Nelson Inc - 10000 units","9b86a473-0e84-480c-bfc2-643884b6e6a6","$100,000.00","'-99","2026-12-21","Identifying Decision Makers","40","","Existing Business","Nelson Inc","","$100,000.00","Direct Mail","","sarah","seed_sarah_id","2026-07-24 17:15","2026-10-05 18:00","1","1","0","","","",""
"Nelson Inc - 7500 units","89502802-d677-4e27-bec6-b4adf416a9e9","$75,000.00","'-99","2024-07-05","Closed Won","100","","Existing Business","Nelson Inc","","$75,000.00","Existing Customer","","sarah","seed_sarah_id","2024-09-26 11:15","2026-10-05 18:00","1","1","0","","","",""
"Opportunities1","50bcbf48-d6c7-4899-9eb6-94c23b99fc77","$2,000.00","'-99","2026-10-30","Prospecting","","","","Kaos Trading Ltd","","$2,000.00","","","will","seed_will_id","2026-10-05 18:04","2026-10-05 18:04","seed_will_id","seed_will_id","0","0.00000000","0.00000000","",""
"Powell Funding - 10000 units","1aa92fa6-487b-48aa-9bf1-1ac81521d3c0","$100,000.00","'-99","2022-05-24","Closed Won","100","","","Powell Funding","","$100,000.00","Campaign","","max","seed_max_id","2022-05-13 09:00","2026-10-05 18:00","1","1","0","","","",""
"Powell Funding - 7500 units","1d0adf44-2314-4931-9a8d-c48242ced735","$75,000.00","'-99","2027-05-20","Negotiation/Review","80","","New Business","Powell Funding","","$75,000.00","Partner","","max","seed_max_id","2024-10-01 08:45","2026-10-05 18:00","1","1","0","","","",""
"Powell Funding - 7500 units","3c098a59-ac6c-4b74-92c0-2b2a66117d11","$75,000.00","'-99","2026-11-06","Qualification","20","","Existing Business","Powell Funding","","$75,000.00","Partner","","max","seed_max_id","2026-02-13 06:45","2026-10-05 18:00","1","1","0","","","",""
"Rubble Group Inc - 10000 units","c9cbbcf3-f7be-4eb0-b887-18699d1d8988","$100,000.00","'-99","2027-09-25","Prospecting","10","","Existing Business","Rubble Group Inc","","$100,000.00","Trade Show","","max","seed_max_id","2026-07-14 10:00","2026-10-05 18:00","1","1","0","","","",""
"Rubble Group Inc - 2500 units","a51c3912-19f8-4bde-a741-6accb586fe4b","$25,000.00","'-99","2021-11-30","Closed Lost","0","","","Rubble Group Inc","","$25,000.00","Word of mouth","","max","seed_max_id","2022-02-14 10:15","2026-10-05 18:00","1","1","0","","","",""
"Rubble Group Inc - 5000 units","bd0891b3-59a4-4093-b95b-0debdbeafff5","$50,000.00","'-99","2027-07-11","Proposal/Price Quote","65","","","Rubble Group Inc","","$50,000.00","Campaign","","max","seed_max_id","2024-08-18 17:30","2026-10-05 18:00","1","1","0","","","",""
"Sandeon Consolidation Corp - 10000 units","94150de5-2b0a-4595-9203-c84a900ef35f","$100,000.00","'-99","2027-08-25","Perception Analysis","50","","New Business","Sandeon Consolidation Corp","","$100,000.00","Word of mouth","","will","seed_will_id","2026-04-01 18:15","2026-10-05 18:00","1","1","0","","","",""
"Sandeon Consolidation Corp - 5000 units","b3e20120-f348-4b04-83f7-f9d7467fdf9d","$50,000.00","'-99","2027-06-10","Negotiation/Review","80","","New Business","Sandeon Consolidation Corp","","$50,000.00","Self Generated","","will","seed_will_id","2025-06-21 15:00","2026-10-05 18:00","1","1","0","","","",""
"Sunyvale Reporting Ltd - 2500 units","44307c37-ec29-4490-953d-523594b60c4f","$25,000.00","'-99","2027-07-04","Proposal/Price Quote","65","","","Sunyvale Reporting Ltd","","$25,000.00","Self Generated","","chris","seed_chris_id","2026-03-06 14:15","2026-10-05 18:00","1","1","0","","","",""
"Sunyvale Reporting Ltd - 7500 units","22b87b6d-b8ad-4c59-8c29-39973027618b","$75,000.00","'-99","2022-03-27","Closed Lost","0","","","Sunyvale Reporting Ltd","","$75,000.00","Campaign","","chris","seed_chris_id","2021-12-13 06:45","2026-10-05 18:00","1","1","0","","","",""
"Sunyvale Reporting Ltd - 7500 units","c513f2af-1a95-48f5-b325-aa950a319adb","$75,000.00","'-99","2024-02-18","Closed Won","100","","Existing Business","Sunyvale Reporting Ltd","","$75,000.00","Other","","chris","seed_chris_id","2023-11-27 07:30","2026-10-05 18:00","1","1","0","","","",""
